event_id,road_occupancy_pct,pedestrian_count,vehicle_count,avg_vehicle_speed_kmph,signal_wait_time_s,time_of_day_hr,ambient_temperature_c,camera_exposure_score,collision_risk_score,driver_fatigue_index,label
EVT_00001,51.7,8,27,13.0,49,10.53,32.0,72.4,37.4,56.4,Free_Flow
EVT_00002,36.9,9,39,14.3,56,17.87,30.4,20.1,47.7,38.7,Incident
EVT_00003,39.9,1,18,49.1,32,7.12,18.3,48.3,63.7,40.6,Free_Flow
EVT_00004,30.5,6,21,12.8,48,15.94,26.8,64.9,38.4,,Incident
EVT_00005,20.9,10,21,23.1,56,17.21,31.8,32.0,,51.0,Incident
EVT_00006,72.0,6,57,40.1,64,8.21,18.6,56.0,21.4,31.3,Heavy_Traffic
EVT_00007,13.4,1,4,26.5,8,23.24,18.5,38.2,40.2,53.9,Low_Activity
EVT_00008,45.7,34,21,24.2,44,9.14,26.0,53.1,63.3,46.9,Pedestrian_Event
EVT_00009,76.1,2,37,20.6,56,3.15,15.5,23.5,50.7,65.9,Incident
EVT_00010,29.8,14,13,34.4,3,14.82,32.3,76.4,,44.3,Free_Flow
EVT_00011,30.3,11,38,30.2,66,19.62,31.1,7.8,55.0,28.8,Pedestrian_Event
EVT_00012,57.3,2,22,17.5,48,3.23,26.4,24.8,40.2,48.9,Incident
EVT_00013,66.5,28,33,33.2,11,12.02,27.2,88.9,60.8,,Pedestrian_Event
EVT_00014,46.8,36,24,26.8,1,12.09,24.6,86.0,76.0,55.2,Pedestrian_Event
EVT_00015,80.5,11,33,20.6,54,18.2,28.1,45.9,54.0,27.9,Heavy_Traffic
EVT_00016,76.2,5,30,20.9,55,18.98,27.2,17.4,48.8,57.5,Heavy_Traffic
EVT_00017,50.8,3,38,27.2,72,5.73,23.4,3.2,50.6,48.1,Incident
EVT_00018,0.0,0,13,22.2,34,23.38,21.8,26.8,72.6,59.6,Low_Activity
EVT_00019,47.0,13,19,17.2,55,13.31,29.8,76.7,40.5,68.8,Free_Flow
EVT_00020,17.3,1,6,51.2,28,23.32,23.3,37.2,51.0,58.2,Low_Activity
EVT_00021,9.9,5,0,35.3,30,9.31,28.3,90.4,57.0,62.6,Free_Flow
EVT_00022,13.5,1,2,54.2,3,23.2,22.1,0.0,67.9,24.8,Low_Activity
EVT_00023,34.1,4,30,30.6,14,18.55,23.3,20.1,21.3,31.9,Free_Flow
EVT_00024,12.3,1,6,39.4,8,5.67,30.5,1.1,54.9,22.1,Low_Activity
EVT_00025,26.8,10,33,45.9,10,6.57,21.6,35.1,56.2,44.1,Free_Flow
EVT_00026,14.5,4,19,34.8,19,11.02,31.8,74.7,59.9,40.3,Free_Flow
EVT_00027,8.5,12,12,17.4,24,14.2,30.5,75.1,38.8,45.9,Pedestrian_Event
EVT_00028,48.4,7,35,15.8,99,9.34,22.6,73.2,60.9,21.4,Heavy_Traffic
EVT_00029,16.1,2,0,72.9,33,0.98,22.7,27.0,28.4,37.5,Free_Flow
EVT_00030,66.2,11,38,25.8,61,7.78,21.5,37.6,76.7,28.5,Heavy_Traffic
EVT_00031,35.3,7,10,32.1,24,16.02,32.4,62.3,63.1,38.6,Free_Flow
EVT_00032,46.2,4,17,42.2,45,20.89,25.4,24.0,68.6,29.5,Free_Flow
EVT_00033,46.9,4,21,29.7,55,13.48,30.9,71.8,73.4,39.1,Pedestrian_Event
EVT_00034,64.5,22,35,10.1,45,7.19,17.3,36.3,64.8,45.0,Heavy_Traffic
EVT_00035,67.0,8,33,7.3,97,8.31,22.1,51.4,70.4,52.4,Heavy_Traffic
EVT_00036,39.8,29,27,11.9,59,13.01,31.2,84.2,,67.5,Pedestrian_Event
EVT_00037,76.7,8,11,9.9,43,17.8,30.2,35.9,35.7,51.4,Incident
EVT_00038,65.2,10,7,17.0,47,11.07,28.4,88.7,43.0,24.3,Incident
EVT_00039,58.7,5,21,28.1,69,8.94,27.1,60.5,46.5,39.2,Heavy_Traffic
EVT_00040,77.7,12,46,13.0,126,12.39,30.7,83.3,86.9,42.4,Heavy_Traffic
EVT_00041,48.5,1,42,15.3,34,20.65,26.7,15.5,9.2,47.0,Incident
EVT_00042,82.4,7,46,25.6,100,9.53,24.2,70.9,15.2,38.8,Heavy_Traffic
EVT_00043,29.8,3,15,63.5,38,5.98,27.9,4.9,45.2,44.0,Free_Flow
EVT_00044,24.0,6,25,47.0,18,8.26,22.0,77.0,58.4,37.4,Free_Flow
EVT_00045,46.9,3,39,18.7,51,17.0,28.3,58.9,68.0,74.4,Heavy_Traffic
EVT_00046,31.9,15,25,24.9,28,10.28,28.8,70.2,50.9,61.2,Pedestrian_Event
EVT_00047,36.1,3,17,58.2,28,7.13,19.6,43.9,16.6,38.3,Free_Flow
EVT_00048,39.8,8,36,12.8,107,20.32,28.4,19.5,80.8,68.9,Heavy_Traffic
EVT_00049,37.9,32,38,30.0,0,19.63,28.8,19.7,43.4,72.1,Pedestrian_Event
EVT_00050,18.9,5,12,31.3,8,19.34,24.3,12.6,38.3,66.7,Free_Flow
EVT_00051,11.5,2,13,43.8,19,14.63,27.8,75.7,67.7,58.2,Free_Flow
EVT_00052,73.3,24,15,14.6,27,16.15,30.4,44.0,67.7,57.3,Pedestrian_Event
EVT_00053,35.7,24,3,35.5,19,15.08,34.8,78.2,21.1,54.7,Pedestrian_Event
EVT_00054,46.3,4,40,0.0,25,13.1,29.0,60.2,24.9,47.8,Incident
EVT_00055,0.0,2,5,79.4,24,9.25,25.6,71.8,67.7,14.7,Low_Activity
EVT_00056,69.4,6,25,4.4,99,9.35,34.4,65.0,70.0,51.2,Heavy_Traffic
EVT_00057,30.9,13,25,34.8,51,12.85,24.7,65.7,37.5,31.5,Pedestrian_Event
EVT_00058,48.9,22,39,30.9,49,20.32,22.3,22.0,61.6,18.4,Pedestrian_Event
EVT_00059,40.8,2,11,11.2,52,1.68,21.5,34.4,14.7,58.3,Incident
EVT_00060,45.3,10,27,31.6,19,20.54,23.0,17.1,21.5,26.6,Pedestrian_Event
EVT_00061,32.9,18,5,18.0,14,11.51,32.0,79.5,40.0,27.1,Pedestrian_Event
EVT_00062,48.0,1,6,16.2,0,5.65,19.4,4.3,,27.1,Incident
EVT_00063,50.5,4,38,28.5,74,18.07,27.0,30.5,86.8,,Heavy_Traffic
EVT_00064,83.0,7,36,23.6,60,15.99,25.3,60.1,50.0,47.4,Heavy_Traffic
EVT_00065,48.8,14,24,25.9,31,6.91,24.1,39.0,86.5,77.6,Incident
EVT_00066,33.5,5,22,3.2,74,8.08,20.0,41.3,34.7,42.0,Incident
EVT_00067,34.2,2,32,37.5,23,5.5,23.8,12.7,68.9,45.3,Free_Flow
EVT_00068,1.5,1,4,52.9,8,4.03,18.1,26.9,20.1,50.9,Low_Activity
EVT_00069,41.5,7,16,27.7,25,17.83,23.7,45.6,23.4,37.1,Free_Flow
EVT_00070,61.6,5,35,19.7,72,19.74,21.3,20.0,20.0,29.1,Heavy_Traffic
EVT_00071,37.0,7,22,54.3,10,10.31,28.0,80.3,53.7,42.7,Free_Flow
EVT_00072,66.5,3,21,1.2,52,17.54,28.0,52.1,80.7,,Heavy_Traffic
EVT_00073,78.6,9,31,19.4,48,9.83,28.1,74.6,46.7,40.8,Heavy_Traffic
EVT_00074,58.0,5,30,8.9,47,17.95,31.7,2.9,41.7,30.6,Heavy_Traffic
EVT_00075,32.8,4,20,12.9,59,6.15,26.7,47.0,38.4,46.1,Pedestrian_Event
EVT_00076,28.8,39,13,15.1,43,10.13,24.6,63.3,89.4,25.6,Pedestrian_Event
EVT_00077,29.9,1,21,46.6,4,21.37,27.1,13.8,74.0,29.0,Free_Flow
EVT_00078,33.9,7,20,50.0,27,14.53,35.3,61.3,15.6,20.2,Free_Flow
EVT_00079,8.2,4,7,49.1,23,22.39,20.7,25.5,33.2,26.8,Free_Flow
EVT_00080,45.0,2,28,8.6,55,22.01,24.6,19.6,35.2,39.5,Heavy_Traffic
EVT_00081,23.1,4,16,38.9,24,5.47,19.9,8.5,,58.3,Free_Flow
EVT_00082,33.7,4,18,45.2,24,13.29,32.4,81.3,55.9,64.2,Free_Flow
EVT_00083,17.9,0,5,45.0,15,2.74,18.0,9.6,42.5,19.4,Low_Activity
EVT_00084,15.8,13,8,40.0,30,7.11,22.9,22.3,53.0,63.7,Free_Flow
EVT_00085,72.3,5,32,13.9,60,18.07,27.6,34.3,37.2,58.8,Heavy_Traffic
EVT_00086,5.6,2,4,64.0,26,2.89,23.6,23.7,94.3,63.0,Low_Activity
EVT_00087,13.0,1,3,59.6,0,22.61,25.3,27.7,6.9,19.9,Free_Flow
EVT_00088,24.7,0,38,35.1,0,6.28,28.4,45.4,49.1,51.5,Heavy_Traffic
EVT_00089,12.7,1,10,38.6,22,3.56,23.3,18.1,62.4,53.8,Low_Activity
EVT_00090,63.0,35,24,38.0,22,18.05,37.3,45.9,47.0,31.4,Pedestrian_Event
EVT_00091,31.5,9,21,36.1,0,8.66,26.4,48.8,52.2,74.0,Free_Flow
EVT_00092,36.0,0,4,26.6,31,13.39,22.9,92.0,32.3,39.5,Pedestrian_Event
EVT_00093,96.5,6,36,26.6,34,17.57,27.0,51.2,65.9,67.6,Heavy_Traffic
EVT_00094,33.5,17,29,35.0,53,18.75,29.4,17.0,,32.8,Pedestrian_Event
EVT_00095,13.7,0,9,32.8,14,23.23,20.6,11.6,45.8,62.9,Low_Activity
EVT_00096,10.3,0,15,54.2,12,3.6,22.4,21.6,28.7,37.5,Low_Activity
EVT_00097,24.9,4,23,41.9,15,12.53,27.6,91.1,86.5,41.4,Free_Flow
EVT_00098,11.4,2,3,48.3,28,9.11,25.5,71.2,82.0,45.6,Low_Activity
EVT_00099,57.2,6,15,24.5,23,15.95,25.0,69.5,66.2,53.8,Incident
EVT_00100,38.8,33,23,18.6,71,7.12,22.5,42.2,60.6,58.2,Pedestrian_Event
EVT_00101,18.9,5,22,43.0,7,20.16,24.4,13.6,10.7,48.1,Free_Flow
EVT_00102,44.8,2,20,17.0,89,8.53,24.5,77.4,37.3,64.1,Incident
EVT_00103,47.1,8,3,41.4,10,19.15,32.6,18.1,57.9,36.2,Free_Flow
EVT_00104,54.9,2,26,17.0,34,21.3,21.3,5.7,,46.5,Incident
EVT_00105,80.8,3,26,3.1,32,8.19,19.2,68.2,38.4,41.1,Heavy_Traffic
EVT_00106,52.6,28,2,44.8,61,15.34,30.5,95.6,36.8,29.7,Pedestrian_Event
EVT_00107,65.2,20,36,17.6,84,17.44,30.8,20.9,29.9,28.5,Heavy_Traffic
EVT_00108,43.7,3,43,24.2,110,8.51,33.8,70.8,82.1,71.8,Heavy_Traffic
EVT_00109,56.4,6,41,22.6,67,8.39,24.2,54.9,61.3,24.3,Heavy_Traffic
EVT_00110,15.2,15,22,32.3,21,11.48,21.7,75.1,25.9,32.2,Pedestrian_Event
EVT_00111,72.1,2,31,10.9,62,21.32,29.0,15.5,48.4,27.1,Heavy_Traffic
EVT_00112,80.4,3,29,31.0,16,15.69,33.1,66.2,36.6,41.9,Incident
EVT_00113,21.4,0,5,56.7,10,4.31,21.1,41.5,1.3,,Low_Activity
EVT_00114,30.6,10,25,43.4,24,9.7,27.7,73.8,53.5,13.9,Free_Flow
EVT_00115,10.6,1,22,34.6,0,2.32,16.4,32.0,78.8,56.4,Low_Activity
EVT_00116,45.3,5,19,17.7,48,15.75,29.9,55.2,,49.5,Incident
EVT_00117,20.4,3,4,27.1,24,4.04,26.9,34.6,54.2,26.8,Low_Activity
EVT_00118,22.9,14,29,27.4,47,9.29,29.1,76.1,54.7,42.6,Pedestrian_Event
EVT_00119,51.2,13,28,20.7,44,15.55,32.7,63.3,28.4,42.1,Incident
EVT_00120,40.3,26,6,18.3,53,7.35,24.9,39.1,68.3,38.7,Pedestrian_Event
EVT_00121,51.7,15,42,20.5,50,20.07,27.6,18.7,51.4,62.5,Heavy_Traffic
EVT_00122,60.6,15,30,12.2,34,16.9,32.1,44.2,67.2,50.4,Incident
EVT_00123,5.2,1,1,51.1,24,22.8,20.5,21.2,38.0,24.2,Low_Activity
EVT_00124,5.9,1,1,13.7,5,0.54,17.5,23.1,52.1,43.7,Free_Flow
EVT_00125,10.6,1,6,55.7,11,23.02,22.2,28.6,55.8,36.0,Low_Activity
EVT_00126,0.0,1,3,29.8,22,14.29,32.3,81.1,45.3,34.7,Low_Activity
EVT_00127,4.6,0,0,49.2,13,2.9,15.3,13.6,59.2,42.6,Low_Activity
EVT_00128,51.6,4,24,19.6,37,22.5,18.7,27.8,45.8,35.0,Incident
EVT_00129,54.2,11,22,27.3,67,5.13,30.9,24.2,36.6,34.2,Pedestrian_Event
EVT_00130,9.4,4,4,62.1,3,21.54,20.3,25.4,23.0,35.6,Low_Activity
EVT_00131,2.3,1,9,42.1,13,1.79,19.6,27.0,100.0,42.4,Low_Activity
EVT_00132,58.4,6,17,23.6,7,7.02,23.2,24.5,43.7,27.8,Incident
EVT_00133,71.1,21,26,18.8,85,9.11,27.4,57.1,0.0,53.3,Heavy_Traffic
EVT_00134,71.3,7,43,23.8,115,9.43,27.7,57.9,53.5,28.1,Heavy_Traffic
EVT_00135,23.7,1,2,25.2,29,22.77,21.6,0.0,70.9,63.6,Free_Flow
EVT_00136,31.6,13,16,64.4,20,11.13,22.3,75.6,46.2,53.1,Free_Flow
EVT_00137,35.7,5,22,32.3,50,10.59,28.7,83.2,53.2,64.4,Incident
EVT_00138,32.7,7,12,50.2,0,9.6,24.2,68.8,42.1,42.9,Free_Flow
EVT_00139,72.8,3,33,15.3,81,9.18,27.2,74.5,60.4,48.4,Heavy_Traffic
EVT_00140,35.8,22,28,57.3,33,9.09,23.8,48.5,42.4,43.2,Pedestrian_Event
EVT_00141,51.6,19,14,24.0,32,14.26,27.1,55.7,50.9,40.0,Pedestrian_Event
EVT_00142,46.5,5,43,14.0,9,10.02,24.2,93.9,52.5,28.8,Free_Flow
EVT_00143,17.8,5,16,25.1,0,12.74,29.7,84.5,72.8,62.6,Free_Flow
EVT_00144,65.1,8,46,26.8,39,17.35,32.0,39.7,48.1,48.1,Heavy_Traffic
EVT_00145,20.9,3,39,53.5,0,14.2,30.0,62.4,59.4,42.9,Heavy_Traffic
EVT_00146,3.0,2,3,39.9,28,6.91,20.6,29.2,62.7,40.3,Low_Activity
EVT_00147,32.1,24,7,45.7,55,9.72,26.2,98.5,31.3,50.2,Pedestrian_Event
EVT_00148,56.6,4,32,15.0,60,9.86,22.4,64.3,51.7,,Heavy_Traffic
EVT_00149,11.6,0,4,16.4,39,23.12,20.5,13.1,27.6,75.9,Low_Activity
EVT_00150,69.2,16,24,4.3,23,12.32,25.7,95.2,46.1,40.0,Heavy_Traffic
EVT_00151,44.5,29,14,12.2,47,18.44,28.4,33.2,40.2,34.1,Pedestrian_Event
EVT_00152,31.1,8,25,38.0,5,18.17,29.5,33.7,30.3,35.3,Free_Flow
EVT_00153,41.9,29,15,23.5,40,12.96,32.2,90.7,41.3,36.5,Free_Flow
EVT_00154,23.3,3,1,43.6,22,22.65,20.9,15.1,47.2,35.9,Low_Activity
EVT_00155,28.3,3,24,48.8,31,14.13,36.4,82.3,68.5,51.3,Free_Flow
EVT_00156,65.2,4,16,10.5,44,8.56,22.8,59.7,84.9,20.3,Incident
EVT_00157,77.6,2,28,12.8,60,1.61,25.4,25.0,61.4,76.1,Incident
EVT_00158,5.7,1,8,10.7,39,10.1,25.5,66.4,99.6,22.6,Low_Activity
EVT_00159,35.0,7,4,21.6,39,6.39,21.2,38.7,53.8,28.9,Free_Flow
EVT_00160,58.2,26,11,41.0,46,15.73,33.1,53.4,59.4,40.1,Pedestrian_Event
EVT_00161,18.9,0,5,39.0,17,22.61,25.1,24.3,22.7,14.6,Low_Activity
EVT_00162,56.1,7,54,8.6,42,10.33,23.5,68.0,45.3,22.6,Heavy_Traffic
EVT_00163,34.1,0,17,44.5,29,11.87,40.0,82.9,57.0,34.7,Free_Flow
EVT_00164,43.8,2,7,60.7,21,10.7,32.1,72.7,77.0,65.6,Free_Flow
EVT_00165,7.2,1,4,40.5,21,3.43,23.5,3.3,24.6,55.8,Low_Activity
EVT_00166,2.7,0,3,32.2,2,4.03,26.0,34.0,92.1,65.4,Low_Activity
EVT_00167,46.4,8,16,34.5,3,7.11,23.2,48.5,50.2,,Heavy_Traffic
EVT_00168,5.9,1,1,45.5,40,1.85,21.5,31.9,52.8,46.3,Low_Activity
EVT_00169,9.4,1,10,52.3,17,23.74,20.6,31.9,79.9,45.1,Low_Activity
EVT_00170,3.6,0,6,57.8,24,3.51,25.4,23.2,38.4,43.7,Free_Flow
EVT_00171,66.3,6,24,21.8,70,7.06,24.3,50.7,27.0,38.8,Heavy_Traffic
EVT_00172,29.7,7,22,48.7,15,10.2,30.2,89.2,48.4,56.7,Free_Flow
EVT_00173,78.6,7,32,23.6,65,7.9,20.6,53.9,18.6,45.2,Heavy_Traffic
EVT_00174,24.2,0,12,36.9,13,1.23,21.6,9.6,47.9,42.6,Low_Activity
EVT_00175,74.2,11,17,14.6,96,17.17,27.4,63.4,39.7,22.5,Heavy_Traffic
EVT_00176,34.3,4,26,43.7,21,13.56,21.8,87.1,65.3,62.8,Free_Flow
EVT_00177,41.9,9,12,61.2,17,12.66,37.4,77.4,34.7,55.4,Free_Flow
EVT_00178,48.2,6,38,23.5,65,18.15,27.9,63.6,31.6,39.4,Heavy_Traffic
EVT_00179,62.6,8,31,22.7,18,19.53,30.0,0.0,32.8,63.9,Heavy_Traffic
EVT_00180,80.1,8,41,15.3,65,17.98,27.5,19.4,78.1,58.1,Heavy_Traffic
EVT_00181,25.8,14,7,3.7,10,15.52,27.2,69.3,48.4,1.4,Pedestrian_Event
EVT_00182,28.5,3,17,40.5,30,5.17,20.2,21.1,54.0,64.2,Free_Flow
EVT_00183,44.8,15,9,20.0,36,7.58,24.8,47.0,53.8,39.4,Pedestrian_Event
EVT_00184,14.5,6,29,12.2,41,4.73,24.9,23.6,50.6,46.0,Incident
EVT_00185,46.2,16,28,15.5,37,12.46,36.8,85.8,71.2,40.5,Pedestrian_Event
EVT_00186,52.9,7,12,22.4,69,15.93,34.7,55.7,34.8,69.2,Heavy_Traffic
EVT_00187,9.3,0,5,61.8,3,22.34,24.5,1.8,31.0,67.0,Low_Activity
EVT_00188,19.3,8,20,39.4,19,9.06,30.0,79.5,61.2,30.2,Free_Flow
EVT_00189,85.9,5,15,0.5,90,16.15,31.2,53.9,23.5,69.9,Heavy_Traffic
EVT_00190,46.2,2,24,36.6,12,21.02,28.4,9.3,29.5,50.1,Free_Flow
EVT_00191,10.9,0,1,61.6,23,22.94,22.5,28.7,47.8,66.6,Low_Activity
EVT_00192,24.6,3,14,43.1,9,10.43,23.4,73.0,50.4,38.2,Free_Flow
EVT_00193,21.5,3,18,61.4,13,21.38,26.1,12.3,35.4,35.8,Free_Flow
EVT_00194,3.4,0,3,90.0,21,3.96,21.1,35.5,56.7,22.4,Low_Activity
EVT_00195,28.1,3,7,25.8,31,7.69,26.0,41.6,71.8,37.9,Free_Flow
EVT_00196,35.6,7,17,39.0,11,18.38,25.4,38.0,48.6,41.3,Free_Flow
EVT_00197,40.8,5,31,56.8,27,16.05,27.8,37.3,47.5,41.3,Free_Flow
EVT_00198,43.9,6,30,33.3,108,7.64,25.2,50.7,38.4,58.4,Free_Flow
EVT_00199,11.8,2,4,43.3,0,23.69,29.3,25.8,58.8,31.7,Low_Activity
EVT_00200,33.5,1,26,45.6,40,6.18,25.3,29.7,73.8,45.9,Free_Flow
EVT_00201,14.5,1,4,57.3,23,7.58,23.1,62.3,,47.2,Low_Activity
EVT_00202,42.5,9,53,6.1,24,16.67,34.9,52.3,19.6,19.3,Heavy_Traffic
EVT_00203,24.2,19,8,34.3,41,14.91,27.3,81.6,51.1,44.1,Pedestrian_Event
EVT_00204,13.3,2,6,65.4,0,3.44,20.0,18.5,39.8,50.0,Low_Activity
EVT_00205,75.2,5,23,8.8,81,8.11,19.9,52.6,45.3,33.1,Heavy_Traffic
EVT_00206,11.9,4,16,11.8,55,18.45,29.4,21.1,49.5,48.1,Incident
EVT_00207,45.6,3,44,16.2,76,7.22,24.7,34.3,58.5,37.0,Heavy_Traffic
EVT_00208,45.7,12,39,36.9,56,8.64,23.3,63.2,29.1,59.4,Pedestrian_Event
EVT_00209,15.9,1,13,51.8,15,10.24,27.1,76.1,50.3,44.2,Low_Activity
EVT_00210,64.7,10,42,20.2,57,17.37,38.8,50.2,71.5,21.8,Heavy_Traffic
EVT_00211,0.0,2,21,43.4,24,21.77,26.7,24.2,74.1,54.1,Low_Activity
EVT_00212,27.1,5,17,16.2,73,14.38,28.2,70.7,33.4,44.8,Pedestrian_Event
EVT_00213,66.3,7,48,22.3,129,17.78,30.1,48.8,83.2,37.4,Heavy_Traffic
EVT_00214,14.3,11,13,56.6,28,16.13,26.2,57.0,75.4,46.6,Free_Flow
EVT_00215,11.2,1,2,70.7,25,23.74,26.7,16.9,79.1,44.3,Low_Activity
EVT_00216,31.4,3,28,56.4,18,18.82,30.4,7.3,15.1,51.3,Free_Flow
EVT_00217,67.9,2,31,20.9,14,0.89,24.6,15.7,72.2,64.4,Incident
EVT_00218,61.9,6,19,11.1,87,8.27,18.4,54.2,76.0,50.1,Heavy_Traffic
EVT_00219,60.3,6,22,26.6,74,20.67,25.0,20.3,54.9,61.2,Incident
EVT_00220,66.8,10,54,12.3,68,17.87,28.6,33.4,64.5,65.9,Heavy_Traffic
EVT_00221,22.3,3,18,49.8,31,10.34,21.6,83.3,33.0,58.8,Free_Flow
EVT_00222,48.3,3,3,19.6,83,1.59,22.4,17.8,63.9,48.8,Heavy_Traffic
EVT_00223,0.0,5,15,51.5,24,11.74,24.4,99.3,51.8,48.3,Free_Flow
EVT_00224,59.4,3,8,8.8,24,7.83,22.9,50.9,57.6,11.0,Incident
EVT_00225,29.1,1,3,56.7,12,23.03,20.1,6.8,61.9,62.0,Low_Activity
EVT_00226,48.0,36,12,27.1,49,12.25,25.7,70.1,51.6,52.4,Pedestrian_Event
EVT_00227,25.6,11,0,30.0,15,16.35,37.3,58.3,75.5,39.3,Pedestrian_Event
EVT_00228,24.0,5,14,34.0,17,6.69,18.5,52.9,43.2,40.0,Low_Activity
EVT_00229,40.8,4,15,28.0,33,13.53,31.0,56.3,39.3,59.4,Free_Flow
EVT_00230,10.4,3,4,25.1,24,7.37,21.1,63.9,26.4,39.1,Low_Activity
EVT_00231,54.9,6,54,19.5,21,7.76,30.1,49.2,47.0,47.4,Heavy_Traffic
EVT_00232,78.8,7,16,15.4,33,18.54,28.4,23.5,15.8,33.5,Incident
EVT_00233,40.1,2,25,23.5,22,20.93,30.2,33.8,,49.2,Incident
EVT_00234,31.2,11,24,31.2,28,19.03,31.2,30.7,28.0,59.4,Free_Flow
EVT_00235,42.2,6,26,8.7,77,5.41,20.4,4.1,41.8,61.9,Free_Flow
EVT_00236,58.7,2,32,18.0,64,20.83,27.3,33.8,50.0,76.9,Pedestrian_Event
EVT_00237,35.8,12,22,44.1,16,15.89,28.1,67.9,56.4,47.3,Free_Flow
EVT_00238,65.1,3,20,8.4,12,21.42,29.4,8.7,51.1,70.0,Incident
EVT_00239,42.0,12,14,44.5,36,17.35,34.4,64.0,88.4,28.4,Pedestrian_Event
EVT_00240,19.2,0,1,49.0,29,1.32,21.1,37.8,9.8,56.9,Low_Activity
EVT_00241,26.3,4,18,46.4,5,9.94,35.7,81.1,46.5,50.4,Free_Flow
EVT_00242,26.7,9,15,36.5,23,11.27,31.8,100.0,43.2,66.0,Free_Flow
EVT_00243,72.0,10,28,11.6,90,9.77,31.1,68.8,11.8,37.9,Heavy_Traffic
EVT_00244,12.5,1,9,36.1,13,2.38,22.6,8.9,75.5,81.3,Low_Activity
EVT_00245,73.1,3,16,4.7,50,7.01,21.1,45.6,14.1,40.6,Heavy_Traffic
EVT_00246,12.5,1,7,45.1,13,1.65,25.7,12.2,18.7,38.6,Low_Activity
EVT_00247,28.7,6,6,44.9,13,15.28,31.8,48.9,55.7,45.0,Free_Flow
EVT_00248,26.8,4,57,37.1,35,20.09,21.7,12.9,36.1,42.1,Heavy_Traffic
EVT_00249,2.1,2,3,52.0,8,11.68,26.3,66.9,61.1,54.9,Low_Activity
EVT_00250,18.6,10,18,35.4,45,11.07,28.5,64.6,35.5,37.8,Free_Flow
EVT_00251,57.9,3,43,20.5,38,23.7,21.1,35.2,79.8,70.6,Free_Flow
EVT_00252,71.5,10,22,6.1,11,11.86,28.5,73.8,92.7,35.9,Incident
EVT_00253,64.1,19,24,21.2,0,8.68,24.7,71.9,43.7,45.8,Heavy_Traffic
EVT_00254,36.8,0,18,32.8,0,17.46,36.7,27.5,35.7,38.1,Pedestrian_Event
EVT_00255,27.4,3,29,44.8,35,7.29,22.9,31.8,83.1,17.3,Free_Flow
EVT_00256,29.4,5,15,45.6,20,12.08,25.7,65.9,54.4,55.1,Free_Flow
EVT_00257,64.3,9,33,10.7,49,20.13,24.4,4.6,75.1,33.4,Incident
EVT_00258,46.0,22,0,17.8,66,16.58,33.9,71.9,46.8,73.1,Pedestrian_Event
EVT_00259,61.4,24,19,30.7,71,18.47,32.8,43.3,13.4,44.7,Pedestrian_Event
EVT_00260,0.3,1,12,52.5,21,4.21,15.3,15.6,73.3,76.9,Low_Activity
EVT_00261,87.6,2,43,17.8,62,21.3,22.8,5.8,,54.0,Heavy_Traffic
EVT_00262,37.5,4,19,55.0,14,14.69,35.1,79.2,22.4,51.0,Free_Flow
EVT_00263,33.0,5,36,26.9,84,20.07,25.2,19.5,73.3,61.4,Heavy_Traffic
EVT_00264,2.8,0,11,48.9,15,1.25,19.7,11.5,53.2,43.8,Low_Activity
EVT_00265,46.0,2,71,20.9,48,17.84,33.4,31.6,35.4,25.9,Heavy_Traffic
EVT_00266,66.3,4,30,19.8,58,18.63,34.1,30.2,11.8,51.9,Heavy_Traffic
EVT_00267,57.7,8,43,9.3,83,7.93,23.9,44.3,58.7,61.2,Heavy_Traffic
EVT_00268,26.4,4,5,26.8,11,5.64,24.9,33.7,63.6,55.5,Free_Flow
EVT_00269,11.2,0,6,31.5,31,4.56,25.0,15.4,11.1,35.9,Low_Activity
EVT_00270,72.7,6,42,5.8,94,9.3,28.3,84.9,69.4,49.1,Heavy_Traffic
EVT_00271,68.4,3,36,18.1,69,7.39,22.8,64.3,81.4,48.0,Incident
EVT_00272,52.6,33,9,42.1,70,9.01,22.5,65.9,100.0,21.3,Pedestrian_Event
EVT_00273,28.5,4,7,51.3,8,6.09,20.3,23.4,43.3,65.3,Free_Flow
EVT_00274,26.1,4,19,17.9,15,13.91,28.5,72.7,50.4,31.4,Pedestrian_Event
EVT_00275,14.2,5,11,48.2,41,11.65,39.1,60.6,46.4,61.0,Free_Flow
EVT_00276,69.1,7,32,7.4,41,7.89,27.0,28.7,82.3,66.5,Heavy_Traffic
EVT_00277,45.2,0,19,57.7,7,22.53,28.8,12.9,36.9,30.3,Free_Flow
EVT_00278,68.8,7,37,23.8,86,16.23,21.0,61.0,38.6,39.9,Heavy_Traffic
EVT_00279,34.5,2,15,23.4,38,20.58,26.2,30.6,79.7,55.7,Heavy_Traffic
EVT_00280,49.6,2,21,38.2,17,13.57,36.4,84.1,16.1,45.7,Free_Flow
EVT_00281,77.0,8,38,13.9,71,17.79,25.8,31.8,44.3,40.5,Heavy_Traffic
EVT_00282,29.7,0,17,41.9,21,5.52,25.5,28.2,48.6,57.4,Free_Flow
EVT_00283,26.1,5,17,31.7,19,18.07,29.4,28.9,57.2,48.6,Free_Flow
EVT_00284,53.9,9,33,20.1,108,17.97,30.7,44.2,69.4,42.6,Heavy_Traffic
EVT_00285,51.6,4,0,3.0,56,14.49,29.3,67.8,54.1,55.3,Incident
EVT_00286,28.4,12,17,28.5,6,9.48,28.7,82.5,53.5,64.2,Free_Flow
EVT_00287,13.4,2,8,24.4,1,22.95,26.6,31.9,48.0,44.0,Low_Activity
EVT_00288,56.0,9,21,8.0,64,18.87,30.4,21.5,73.3,29.9,Heavy_Traffic
EVT_00289,17.5,3,8,71.5,18,17.79,28.8,33.5,30.5,33.9,Free_Flow
EVT_00290,36.4,1,14,27.4,16,4.85,17.2,27.9,39.7,55.6,Incident
EVT_00291,32.9,7,27,29.5,82,16.25,35.5,54.5,67.4,46.4,Incident
EVT_00292,84.1,15,41,22.5,58,9.79,27.0,72.0,57.3,64.5,Heavy_Traffic
EVT_00293,23.3,3,8,26.4,16,13.31,27.2,88.9,30.3,33.9,Heavy_Traffic
EVT_00294,0.0,2,6,31.6,7,14.79,31.9,96.4,59.8,39.8,Free_Flow
EVT_00295,42.3,11,54,13.2,21,16.22,29.8,41.7,38.9,45.8,Heavy_Traffic
EVT_00296,15.7,1,4,46.1,6,23.18,22.2,23.9,9.8,63.6,Low_Activity
EVT_00297,69.6,9,15,19.7,51,13.2,34.4,75.5,64.7,72.8,Pedestrian_Event
EVT_00298,49.2,31,12,38.7,73,18.17,24.7,26.5,28.8,40.4,Pedestrian_Event
EVT_00299,9.5,1,13,54.3,30,0.72,23.3,13.0,44.3,42.5,Low_Activity
EVT_00300,30.3,6,34,34.4,20,18.53,30.9,40.1,66.4,33.5,Low_Activity
EVT_00301,85.4,8,33,7.8,80,17.61,26.5,48.0,55.5,68.1,Pedestrian_Event
EVT_00302,16.6,1,4,66.9,12,23.27,22.6,11.9,26.6,56.8,Low_Activity
EVT_00303,71.6,31,9,33.8,41,13.71,29.8,70.5,53.9,,Pedestrian_Event
EVT_00304,61.8,9,6,19.6,33,20.07,27.5,1.3,13.9,57.1,Incident
EVT_00305,18.4,5,16,46.9,13,18.18,29.5,38.1,54.1,47.3,Pedestrian_Event
EVT_00306,33.5,2,19,48.4,24,21.32,26.1,18.2,46.0,38.8,Free_Flow
EVT_00307,44.6,33,22,25.1,18,8.47,25.7,89.8,70.7,41.4,Pedestrian_Event
EVT_00308,65.0,10,21,14.5,15,0.46,23.2,0.0,24.5,60.6,Incident
EVT_00309,16.1,3,11,53.0,36,20.43,30.2,6.5,14.9,43.0,Free_Flow
EVT_00310,7.6,1,8,16.3,78,16.42,27.1,64.6,55.3,49.3,Pedestrian_Event
EVT_00311,15.6,0,11,68.4,5,12.2,30.8,74.6,26.4,43.6,Low_Activity
EVT_00312,80.6,17,36,4.2,66,8.69,27.4,63.3,33.1,33.1,Heavy_Traffic
EVT_00313,64.7,8,23,25.3,89,18.08,31.5,36.8,52.4,32.3,Heavy_Traffic
EVT_00314,48.9,25,9,26.1,32,11.12,29.5,82.1,82.4,18.2,Pedestrian_Event
EVT_00315,40.0,1,24,13.0,43,6.16,22.4,21.2,30.9,66.4,Incident
EVT_00316,40.9,10,21,13.3,49,17.18,32.5,53.5,73.9,49.9,Free_Flow
EVT_00317,30.2,17,31,42.4,86,19.29,29.2,30.4,44.3,31.2,Pedestrian_Event
EVT_00318,42.7,21,8,13.3,23,16.91,29.8,37.9,66.0,31.8,Pedestrian_Event
EVT_00319,29.6,7,9,30.9,19,18.44,31.3,24.9,37.0,49.7,Free_Flow
EVT_00320,18.1,0,12,29.5,11,22.86,27.0,22.5,53.9,39.1,Low_Activity
EVT_00321,34.6,19,20,30.6,40,15.46,25.9,67.0,50.2,27.8,Heavy_Traffic
EVT_00322,37.5,6,0,41.4,18,12.51,29.3,84.3,29.3,54.2,Free_Flow
EVT_00323,46.6,4,32,7.9,82,5.87,20.4,10.5,75.3,48.1,Heavy_Traffic
EVT_00324,76.2,14,31,24.5,72,20.15,23.9,35.5,73.7,59.7,Heavy_Traffic
EVT_00325,26.7,4,17,54.9,25,11.94,25.9,77.0,32.0,22.7,Free_Flow
EVT_00326,3.1,18,26,27.6,51,10.5,23.4,59.7,49.2,71.7,Free_Flow
EVT_00327,41.2,8,14,52.4,26,18.05,28.3,19.8,62.5,53.0,Free_Flow
EVT_00328,21.9,1,15,67.0,0,4.62,21.6,7.4,67.7,70.2,Low_Activity
EVT_00329,33.4,3,32,15.0,63,0.73,19.5,27.9,36.4,44.9,Incident
EVT_00330,38.1,8,5,27.7,35,13.31,32.3,68.1,91.7,47.0,Free_Flow
EVT_00331,42.1,2,15,36.4,35,17.87,34.6,8.4,,35.5,Free_Flow
EVT_00332,10.6,0,4,61.6,12,0.56,20.6,7.6,43.9,33.7,Low_Activity
EVT_00333,6.8,1,3,65.2,21,15.95,36.1,70.3,90.4,55.3,Low_Activity
EVT_00334,41.6,8,28,0.0,71,8.63,24.3,49.5,38.2,40.8,Heavy_Traffic
EVT_00335,45.2,8,43,31.6,153,8.55,20.9,50.1,56.4,60.9,Heavy_Traffic
EVT_00336,8.6,0,7,37.4,8,3.94,27.0,23.8,50.0,49.7,Low_Activity
EVT_00337,27.7,4,13,29.0,23,15.54,33.2,66.6,21.3,74.1,Free_Flow
EVT_00338,46.6,3,20,17.0,29,14.31,32.8,74.7,52.4,51.7,Pedestrian_Event
EVT_00339,48.3,30,10,5.6,6,6.77,25.0,27.7,32.1,25.1,Pedestrian_Event
EVT_00340,55.4,5,28,26.9,91,18.85,27.7,16.6,59.3,47.3,Heavy_Traffic
EVT_00341,0.9,0,7,41.5,1,1.1,27.3,16.9,66.9,52.1,Low_Activity
EVT_00342,75.2,3,50,3.9,62,3.31,20.5,27.9,58.4,22.6,Incident
EVT_00343,71.4,10,16,56.3,3,15.86,22.7,48.9,54.3,71.2,Free_Flow
EVT_00344,23.3,2,2,17.9,13,12.14,23.0,69.7,46.6,44.5,Low_Activity
EVT_00345,29.1,1,17,41.2,18,22.26,25.1,28.8,35.1,59.6,Free_Flow
EVT_00346,8.7,0,5,32.8,15,12.96,29.1,72.7,8.2,24.4,Low_Activity
EVT_00347,35.8,12,14,30.3,32,20.0,34.2,29.6,42.1,50.2,Free_Flow
EVT_00348,64.5,5,16,40.6,21,17.77,28.3,22.9,80.9,33.0,Free_Flow
EVT_00349,28.5,3,33,32.7,10,11.68,31.9,100.0,43.3,44.9,Free_Flow
EVT_00350,54.6,7,24,23.1,74,18.82,26.2,27.7,98.5,54.4,Heavy_Traffic
EVT_00351,56.7,3,45,19.4,12,9.7,29.2,73.3,65.3,48.3,Incident
EVT_00352,32.6,4,12,43.5,22,6.2,28.6,18.4,43.1,30.3,Free_Flow
EVT_00353,34.9,2,17,56.2,0,9.64,27.3,64.6,64.5,65.3,Free_Flow
EVT_00354,17.1,2,4,42.6,13,7.4,25.6,28.4,52.1,56.4,Low_Activity
EVT_00355,0.0,4,16,38.5,0,7.19,21.8,22.1,86.4,48.9,Pedestrian_Event
EVT_00356,67.5,19,18,21.2,48,17.82,29.1,46.0,36.9,30.0,Heavy_Traffic
EVT_00357,75.1,12,34,29.3,70,17.06,30.7,47.0,54.8,24.0,Free_Flow
EVT_00358,73.9,5,45,4.2,0,7.76,21.0,50.7,91.8,60.7,Heavy_Traffic
EVT_00359,12.2,1,6,44.2,17,23.48,25.8,46.5,41.3,39.2,Free_Flow
EVT_00360,61.8,9,32,15.7,2,12.21,30.3,73.0,62.8,26.6,Incident
EVT_00361,52.7,2,26,5.6,76,3.22,14.1,2.0,47.9,40.9,Incident
EVT_00362,56.3,1,11,63.1,33,23.24,16.6,33.0,100.0,38.5,Free_Flow
EVT_00363,56.6,6,33,19.7,11,8.9,25.2,64.3,95.1,42.4,Heavy_Traffic
EVT_00364,22.4,7,36,16.1,40,2.65,17.4,12.8,32.6,66.4,Incident
EVT_00365,51.7,2,23,6.3,0,4.06,13.1,24.5,56.4,26.0,Incident
EVT_00366,56.7,6,58,19.4,43,6.17,22.1,23.6,61.0,81.4,Heavy_Traffic
EVT_00367,47.6,3,40,5.5,24,16.35,29.4,76.6,48.4,49.6,Incident
EVT_00368,62.2,7,18,22.7,24,17.84,29.7,32.3,68.9,52.3,Pedestrian_Event
EVT_00369,37.1,14,2,26.1,63,4.32,19.7,33.9,42.9,27.1,Pedestrian_Event
EVT_00370,46.3,12,9,29.9,22,11.63,30.1,65.2,10.1,100.0,Heavy_Traffic
EVT_00371,55.8,10,43,11.0,41,9.5,28.8,92.7,61.8,45.1,Heavy_Traffic
EVT_00372,81.3,7,31,4.4,38,10.13,28.9,65.8,75.7,71.5,Heavy_Traffic
EVT_00373,16.5,11,22,29.9,0,15.68,32.7,46.2,64.3,37.7,Pedestrian_Event
EVT_00374,29.4,3,10,29.9,16,15.74,28.3,60.3,55.7,34.7,Free_Flow
EVT_00375,53.4,11,33,11.7,44,14.72,36.2,71.1,33.7,33.8,Heavy_Traffic
EVT_00376,55.5,9,36,23.1,56,13.57,32.1,88.9,54.2,33.6,Incident
EVT_00377,34.7,14,20,25.0,64,6.85,21.1,23.2,74.1,77.0,Pedestrian_Event
EVT_00378,72.5,8,65,14.2,108,19.45,27.7,6.5,58.6,46.7,Heavy_Traffic
EVT_00379,30.4,3,17,27.9,24,12.33,27.8,84.9,40.3,52.3,Free_Flow
EVT_00380,30.0,15,0,43.9,28,19.72,25.7,14.1,,30.3,Free_Flow
EVT_00381,17.3,3,15,42.4,7,18.49,31.0,20.1,55.1,61.2,Low_Activity
EVT_00382,18.7,0,7,42.2,18,23.68,27.9,18.0,48.5,58.7,Low_Activity
EVT_00383,39.7,30,19,1.0,74,10.44,25.1,63.2,17.0,37.8,Pedestrian_Event
EVT_00384,27.3,29,28,26.6,15,18.16,34.2,27.1,86.9,21.9,Pedestrian_Event
EVT_00385,46.3,22,16,31.1,58,17.32,29.6,39.2,71.9,49.7,Pedestrian_Event
EVT_00386,61.3,3,17,3.6,88,17.6,27.6,46.7,32.7,49.4,Heavy_Traffic
EVT_00387,25.2,6,12,33.4,18,12.92,34.0,72.3,44.5,70.3,Free_Flow
EVT_00388,77.4,24,32,31.1,56,9.65,26.1,76.7,100.0,62.4,Heavy_Traffic
EVT_00389,18.9,3,16,32.7,19,23.25,27.7,25.5,57.2,58.1,Free_Flow
EVT_00390,37.3,2,31,19.4,62,4.29,16.6,15.5,73.3,58.1,Incident
EVT_00391,29.6,1,19,28.1,4,23.3,22.4,16.4,45.5,27.4,Free_Flow
EVT_00392,49.0,5,33,31.4,94,19.61,29.9,13.9,37.4,44.2,Heavy_Traffic
EVT_00393,22.5,3,27,49.3,35,18.41,27.2,38.0,65.6,26.1,Free_Flow
EVT_00394,29.6,8,31,21.8,46,7.2,25.1,41.3,43.0,51.5,Heavy_Traffic
EVT_00395,56.9,5,50,18.2,98,20.13,26.6,5.9,76.6,34.4,Heavy_Traffic
EVT_00396,39.8,27,13,27.5,8,14.75,27.4,64.4,30.2,74.3,Free_Flow
EVT_00397,11.0,1,4,47.8,11,23.24,22.5,5.6,61.6,34.5,Low_Activity
EVT_00398,12.9,2,8,50.1,17,5.74,18.6,18.1,39.1,57.3,Low_Activity
EVT_00399,67.3,2,55,14.9,32,6.38,20.8,27.4,20.0,62.1,Heavy_Traffic
EVT_00400,52.7,6,58,9.1,44,12.91,35.3,76.0,65.7,49.8,Heavy_Traffic
EVT_00401,25.3,6,20,36.2,38,17.55,30.1,26.2,77.3,52.2,Free_Flow
EVT_00402,56.6,4,12,57.1,4,11.72,23.3,75.9,24.8,46.7,Free_Flow
EVT_00403,9.6,1,15,38.1,20,11.05,28.8,73.0,39.2,43.4,Free_Flow
EVT_00404,63.6,11,47,18.1,51,17.26,32.7,39.9,50.0,50.0,Heavy_Traffic
EVT_00405,37.1,2,14,38.4,26,17.22,30.7,23.6,86.3,71.2,Free_Flow
EVT_00406,46.2,19,6,15.2,88,10.57,20.4,84.2,40.6,46.7,Heavy_Traffic
EVT_00407,43.8,4,42,31.6,78,10.94,29.6,81.5,64.0,23.7,Incident
EVT_00408,63.5,4,33,17.7,83,9.77,25.3,88.2,76.3,56.6,Heavy_Traffic
EVT_00409,79.9,4,23,16.9,67,17.67,28.0,53.2,33.3,31.7,Heavy_Traffic
EVT_00410,36.1,5,19,34.5,41,11.5,37.6,84.8,29.7,31.8,Free_Flow
EVT_00411,25.3,2,11,57.4,14,17.89,33.9,52.5,43.1,59.0,Free_Flow
EVT_00412,29.3,13,30,25.1,28,8.75,20.3,65.2,64.6,30.4,Pedestrian_Event
EVT_00413,59.9,9,17,5.2,46,7.4,24.1,41.4,39.9,37.4,Heavy_Traffic
EVT_00414,7.5,2,9,62.4,14,18.84,28.2,12.7,56.7,44.3,Low_Activity
EVT_00415,16.6,14,0,37.4,31,17.77,32.3,34.2,67.1,52.6,Free_Flow
EVT_00416,58.1,8,7,22.4,14,17.93,30.5,20.2,37.4,55.4,Free_Flow
EVT_00417,8.0,4,3,64.4,20,0.64,26.4,28.7,54.8,38.2,Low_Activity
EVT_00418,67.6,7,36,8.1,18,7.95,25.3,44.7,70.0,24.2,Pedestrian_Event
EVT_00419,47.4,9,9,36.4,29,21.89,19.4,46.1,47.3,21.7,Pedestrian_Event
EVT_00420,42.1,2,23,25.8,3,21.67,23.4,17.7,26.0,40.8,Free_Flow
EVT_00421,67.4,9,41,8.2,1,19.15,33.0,25.5,37.3,52.6,Heavy_Traffic
EVT_00422,42.3,25,12,28.2,32,9.57,23.1,69.1,42.4,26.9,Heavy_Traffic
EVT_00423,16.7,6,13,33.8,3,10.48,24.6,71.2,18.3,42.6,Free_Flow
EVT_00424,60.5,3,34,22.7,0,4.95,17.8,17.3,26.6,49.1,Incident
EVT_00425,32.2,4,10,0.0,125,4.34,21.4,7.8,36.7,53.5,Incident
EVT_00426,65.7,12,34,30.2,44,17.65,34.7,41.2,41.3,42.2,Heavy_Traffic
EVT_00427,74.6,6,38,24.2,90,4.52,21.9,25.9,31.6,32.6,Incident
EVT_00428,57.2,7,30,16.0,80,16.48,26.3,51.2,52.8,38.1,Free_Flow
EVT_00429,39.0,10,31,52.7,5,9.65,26.7,70.8,73.2,43.8,Pedestrian_Event
EVT_00430,42.5,31,11,29.9,48,15.48,29.3,66.2,51.0,39.2,Pedestrian_Event
EVT_00431,45.1,15,28,14.6,26,17.91,27.8,38.5,12.5,37.3,Heavy_Traffic
EVT_00432,10.1,2,3,40.5,10,11.47,28.7,71.7,82.7,49.5,Low_Activity
EVT_00433,38.1,3,19,64.7,11,9.68,27.7,64.7,67.1,32.3,Free_Flow
EVT_00434,73.2,6,61,16.0,33,17.44,27.5,27.1,55.3,49.8,Heavy_Traffic
EVT_00435,40.9,2,19,61.3,1,12.24,26.3,83.5,71.0,42.0,Free_Flow
EVT_00436,27.2,15,13,20.0,14,6.52,20.0,32.2,72.5,54.8,Pedestrian_Event
EVT_00437,44.2,17,4,33.1,49,17.41,32.2,36.0,49.1,13.3,Pedestrian_Event
EVT_00438,32.4,0,5,46.1,15,22.51,25.3,17.9,49.9,51.3,Low_Activity
EVT_00439,50.2,3,0,21.9,71,2.48,19.1,4.1,57.6,57.1,Incident
EVT_00440,55.7,3,26,17.0,42,20.89,31.8,29.6,41.4,55.7,Incident
EVT_00441,44.6,7,34,58.1,18,16.63,34.8,64.5,8.6,56.3,Free_Flow
EVT_00442,30.1,2,15,26.5,16,8.22,24.9,46.8,22.4,70.7,Free_Flow
EVT_00443,58.2,18,27,13.0,102,8.14,26.8,61.6,52.8,46.1,Heavy_Traffic
EVT_00444,10.8,2,11,33.7,30,17.13,29.3,49.5,30.3,46.0,Low_Activity
EVT_00445,41.5,8,19,42.6,13,18.61,30.2,0.0,44.1,58.9,Free_Flow
EVT_00446,60.9,9,40,22.7,94,13.18,27.4,84.0,76.9,71.3,Heavy_Traffic
EVT_00447,64.0,0,22,54.7,43,9.59,25.3,76.6,68.0,16.0,Pedestrian_Event
EVT_00448,77.4,16,29,20.7,26,7.78,24.1,46.2,1.3,47.6,Heavy_Traffic
EVT_00449,48.8,5,35,20.2,47,7.49,16.5,55.6,31.6,66.1,Heavy_Traffic
EVT_00450,44.2,8,26,12.1,39,21.96,16.5,17.3,26.8,42.2,Incident
EVT_00451,78.9,12,26,16.3,8,7.82,22.9,58.7,66.5,55.4,Heavy_Traffic
EVT_00452,59.7,2,33,21.9,109,16.34,35.5,54.1,43.1,60.8,Heavy_Traffic
EVT_00453,17.7,0,17,37.8,23,9.49,19.4,65.2,61.8,59.4,Free_Flow
EVT_00454,32.7,33,22,31.5,42,9.84,31.0,82.9,31.2,51.0,Pedestrian_Event
EVT_00455,35.8,26,25,46.8,42,18.09,26.9,29.9,57.4,55.1,Pedestrian_Event
EVT_00456,62.8,9,49,32.3,92,19.95,25.1,20.7,62.9,54.6,Heavy_Traffic
EVT_00457,74.0,10,20,14.8,68,8.78,24.8,65.6,53.4,30.1,Incident
EVT_00458,38.8,5,20,25.6,38,14.02,29.1,80.2,55.4,36.6,Incident
EVT_00459,74.2,8,42,18.7,86,17.85,29.3,29.3,44.4,63.5,Heavy_Traffic
EVT_00460,27.6,4,23,35.4,37,6.74,24.9,36.6,38.5,65.0,Free_Flow
EVT_00461,40.5,23,17,40.4,0,17.16,27.0,47.6,45.0,48.7,Pedestrian_Event
EVT_00462,57.8,8,28,19.4,66,19.41,27.6,9.7,85.7,31.9,Heavy_Traffic
EVT_00463,29.8,12,38,50.1,27,15.62,32.5,61.4,83.6,56.8,Free_Flow
EVT_00464,17.7,21,16,19.8,60,7.26,23.5,37.8,28.3,26.5,Pedestrian_Event
EVT_00465,51.0,7,27,22.9,74,6.99,21.3,38.4,38.3,83.3,Pedestrian_Event
EVT_00466,25.4,1,3,1.8,7,22.53,26.6,15.8,84.5,44.2,Low_Activity
EVT_00467,53.4,14,21,3.7,114,13.62,33.8,75.4,35.9,36.5,Incident
EVT_00468,45.1,7,67,31.2,41,9.78,30.1,89.9,62.8,28.6,Heavy_Traffic
EVT_00469,0.0,1,7,42.7,9,23.91,22.0,16.8,60.5,72.2,Low_Activity
EVT_00470,98.4,2,52,15.2,38,19.52,26.5,31.3,89.5,20.2,Heavy_Traffic
EVT_00471,68.6,5,34,14.3,52,21.87,25.3,12.5,57.8,63.8,Incident
EVT_00472,16.9,1,13,23.4,46,21.49,20.2,1.1,39.8,63.0,Free_Flow
EVT_00473,49.8,1,21,5.5,44,23.08,16.8,20.5,83.6,43.1,Heavy_Traffic
EVT_00474,69.2,34,33,23.8,32,13.64,31.2,91.0,51.7,34.4,Pedestrian_Event
EVT_00475,0.3,1,2,39.6,13,3.59,23.4,16.5,55.3,49.6,Low_Activity
EVT_00476,29.6,11,8,26.8,14,15.0,30.7,75.1,84.0,51.7,Free_Flow
EVT_00477,61.1,3,37,16.1,49,9.53,18.7,91.8,48.9,45.3,Incident
EVT_00478,19.0,3,19,31.4,41,7.19,25.1,36.8,17.3,45.8,Free_Flow
EVT_00479,28.6,8,20,39.5,9,12.57,32.8,88.5,,52.0,Free_Flow
EVT_00480,18.2,32,16,0.0,54,16.68,29.9,29.8,70.6,46.7,Pedestrian_Event
EVT_00481,8.6,0,1,39.3,1,4.58,18.7,23.4,66.0,71.0,Low_Activity
EVT_00482,19.4,32,21,0.0,49,14.48,27.2,70.1,67.2,31.1,Pedestrian_Event
EVT_00483,75.0,6,37,23.3,45,18.53,28.6,34.6,43.1,22.9,Heavy_Traffic
EVT_00484,4.1,1,4,28.4,20,3.07,17.7,44.9,40.3,44.4,Low_Activity
EVT_00485,10.2,3,16,52.5,24,6.56,24.0,42.6,53.9,41.7,Free_Flow
EVT_00486,75.1,3,28,10.9,101,20.74,23.7,2.3,49.7,42.0,Incident
EVT_00487,33.2,6,12,43.6,30,19.87,22.4,34.2,46.7,42.8,Free_Flow
EVT_00488,60.7,6,37,18.7,21,9.04,27.7,85.2,76.8,39.8,Heavy_Traffic
EVT_00489,31.2,7,30,35.7,24,8.86,24.7,62.6,42.4,55.1,Free_Flow
EVT_00490,17.3,1,3,47.6,13,3.22,17.9,9.4,51.4,53.7,Low_Activity
EVT_00491,39.7,3,4,34.6,35,9.84,26.2,88.7,29.0,45.3,Free_Flow
EVT_00492,62.5,7,30,23.2,32,23.62,19.5,25.8,40.0,74.9,Incident
EVT_00493,32.3,23,22,29.0,93,6.6,21.0,47.5,73.7,42.0,Pedestrian_Event
EVT_00494,41.4,4,25,48.1,19,17.12,33.6,78.8,56.5,60.7,Free_Flow
EVT_00495,49.0,2,42,17.4,57,13.31,29.9,82.5,75.3,44.6,Heavy_Traffic
EVT_00496,91.1,8,45,30.2,60,10.25,25.1,85.9,61.9,85.9,Heavy_Traffic
EVT_00497,68.5,3,16,18.8,1,16.73,34.0,64.8,76.3,30.7,Heavy_Traffic
EVT_00498,57.3,7,48,21.9,0,8.76,22.3,44.5,65.9,42.2,Heavy_Traffic
EVT_00499,30.1,12,13,22.2,43,12.93,28.3,94.9,,55.4,Pedestrian_Event
EVT_00500,46.7,5,15,35.9,47,7.49,25.8,52.2,57.8,34.9,Pedestrian_Event
EVT_00501,20.7,0,4,67.3,21,3.15,20.3,17.3,68.4,50.9,Low_Activity
EVT_00502,75.3,4,29,7.0,63,2.75,20.0,12.2,46.8,35.1,Incident
EVT_00503,14.0,7,0,19.9,96,19.37,31.6,48.9,41.1,58.6,Incident
EVT_00504,65.1,6,42,19.5,115,16.76,33.7,48.3,38.5,42.5,Heavy_Traffic
EVT_00505,0.2,2,12,17.4,4,13.62,31.3,100.0,4.4,52.7,Low_Activity
EVT_00506,79.6,7,34,14.1,25,10.66,30.7,82.8,68.4,50.1,Heavy_Traffic
EVT_00507,34.6,38,21,15.9,55,8.17,22.5,58.1,32.8,47.8,Pedestrian_Event
EVT_00508,68.6,2,23,6.5,100,6.27,16.6,48.9,66.2,41.0,Incident
EVT_00509,40.2,2,16,54.5,20,5.73,13.6,22.7,37.9,51.1,Free_Flow
EVT_00510,55.2,9,25,37.7,28,11.62,26.9,86.0,20.7,35.2,Pedestrian_Event
EVT_00511,13.5,0,10,56.1,27,0.29,26.5,18.9,47.1,43.4,Low_Activity
EVT_00512,62.1,7,38,22.9,112,7.92,32.4,60.1,71.6,49.0,Pedestrian_Event
EVT_00513,42.0,13,39,9.5,41,17.9,32.9,32.5,64.0,31.3,Heavy_Traffic
EVT_00514,26.6,1,4,41.9,0,23.63,14.6,8.9,23.4,23.8,Low_Activity
EVT_00515,46.7,10,36,20.8,68,16.83,30.8,55.6,49.2,75.8,Heavy_Traffic
EVT_00516,33.6,6,15,28.3,12,12.91,30.5,72.2,55.4,34.5,Free_Flow
EVT_00517,80.3,1,36,21.8,44,18.52,32.1,17.4,54.9,25.2,Heavy_Traffic
EVT_00518,50.3,20,29,35.5,73,13.42,34.7,84.0,69.0,81.9,Pedestrian_Event
EVT_00519,83.1,8,37,16.7,74,12.65,31.9,70.3,61.9,61.6,Heavy_Traffic
EVT_00520,75.0,14,2,18.4,64,14.91,31.1,68.5,59.9,74.7,Heavy_Traffic
EVT_00521,44.3,30,11,29.5,59,18.67,28.8,30.1,85.8,44.0,Pedestrian_Event
EVT_00522,8.0,1,3,35.6,7,23.04,24.4,14.3,40.2,22.0,Low_Activity
EVT_00523,0.0,0,12,13.5,24,21.73,23.1,15.4,66.3,64.9,Low_Activity
EVT_00524,24.0,7,3,58.4,17,16.93,32.8,42.3,64.6,44.2,Free_Flow
EVT_00525,36.6,4,19,41.8,19,8.7,26.6,51.8,62.5,85.5,Free_Flow
EVT_00526,18.8,8,3,10.6,18,19.17,26.0,30.1,,63.5,Free_Flow
EVT_00527,73.5,6,34,21.3,40,7.24,24.5,44.8,58.5,60.7,Heavy_Traffic
EVT_00528,12.6,3,15,36.2,23,6.61,24.5,33.3,61.9,65.2,Free_Flow
EVT_00529,24.3,2,12,38.6,2,10.81,22.4,94.6,44.4,44.7,Low_Activity
EVT_00530,20.5,2,3,51.8,16,23.55,20.0,14.3,46.1,44.6,Low_Activity
EVT_00531,41.9,14,26,12.5,54,16.28,29.8,74.5,82.9,59.4,Heavy_Traffic
EVT_00532,22.1,7,24,53.6,0,13.51,34.9,95.4,65.5,26.4,Free_Flow
EVT_00533,66.6,2,19,15.0,80,4.35,15.7,26.0,26.6,52.6,Incident
EVT_00534,15.1,19,0,55.2,19,16.45,24.1,67.3,54.5,18.2,Pedestrian_Event
EVT_00535,34.6,7,14,16.3,51,13.08,37.1,90.0,53.3,27.7,Incident
EVT_00536,45.5,11,28,0.3,15,7.24,16.4,49.9,,58.7,Heavy_Traffic
EVT_00537,84.6,2,17,15.3,29,12.41,32.6,82.5,30.6,14.2,Incident
EVT_00538,25.3,1,10,24.1,24,2.29,17.5,22.9,33.3,39.2,Low_Activity
EVT_00539,23.4,7,11,37.6,22,7.8,28.2,60.9,22.8,22.0,Free_Flow
EVT_00540,74.1,16,56,9.8,63,11.72,29.8,100.0,40.1,69.4,Heavy_Traffic
EVT_00541,86.2,6,25,24.6,49,18.21,30.6,35.4,70.4,51.5,Heavy_Traffic
EVT_00542,51.4,4,19,34.5,20,14.01,31.4,80.5,86.1,56.3,Free_Flow
EVT_00543,48.4,9,41,6.7,63,17.08,32.6,36.2,27.7,55.7,Incident
EVT_00544,40.6,6,15,39.0,18,10.59,29.5,72.6,54.6,47.7,Free_Flow
EVT_00545,71.6,8,34,3.4,54,19.87,26.3,40.7,50.2,49.9,Heavy_Traffic
EVT_00546,12.0,2,3,37.6,24,23.96,22.8,15.4,55.0,39.5,Low_Activity
EVT_00547,30.0,2,11,68.1,26,19.72,35.6,37.0,57.9,61.7,Low_Activity
EVT_00548,20.3,17,24,38.8,56,15.84,34.5,53.0,35.2,34.2,Pedestrian_Event
EVT_00549,28.0,15,15,7.9,27,17.05,38.2,64.8,57.2,68.3,Pedestrian_Event
EVT_00550,45.0,18,23,20.9,86,7.68,25.5,62.6,65.2,58.3,Heavy_Traffic
EVT_00551,15.0,8,13,43.9,13,6.3,22.4,34.0,55.1,35.8,Free_Flow
EVT_00552,77.1,11,34,12.6,35,8.92,28.3,44.1,31.0,44.1,Heavy_Traffic
EVT_00553,70.5,4,19,29.1,58,13.79,37.2,70.0,43.7,27.6,Heavy_Traffic
EVT_00554,52.3,3,7,58.4,0,8.06,22.8,72.7,63.9,45.7,Free_Flow
EVT_00555,25.9,10,14,28.1,23,6.96,21.2,29.8,39.2,30.4,Pedestrian_Event
EVT_00556,53.6,9,34,31.4,50,16.92,32.0,58.6,33.7,40.8,Heavy_Traffic
EVT_00557,49.3,28,32,25.1,31,14.92,27.4,63.2,23.5,46.3,Pedestrian_Event
EVT_00558,21.1,3,21,27.6,22,11.54,33.5,66.2,43.0,22.5,Free_Flow
EVT_00559,57.1,9,26,1.5,90,7.09,23.9,41.6,48.2,28.4,Heavy_Traffic
EVT_00560,35.7,10,14,15.3,57,15.92,35.2,54.3,68.0,35.1,Incident
EVT_00561,40.3,15,22,36.1,18,8.74,25.4,57.6,64.3,29.5,Pedestrian_Event
EVT_00562,84.2,5,48,0.0,78,6.42,19.6,37.7,55.8,25.7,Heavy_Traffic
EVT_00563,50.0,5,27,8.5,80,10.3,28.0,82.4,29.1,47.6,Heavy_Traffic
EVT_00564,24.7,6,28,44.3,20,14.61,29.5,46.7,52.8,28.6,Free_Flow
EVT_00565,14.7,0,28,41.4,41,21.7,27.1,8.4,59.7,46.3,Free_Flow
EVT_00566,41.5,1,18,15.6,6,2.6,21.5,22.9,34.2,27.7,Incident
EVT_00567,58.7,23,9,38.7,37,13.21,23.9,90.3,59.2,7.2,Pedestrian_Event
EVT_00568,35.1,16,13,23.2,10,13.16,29.5,85.2,56.7,40.3,Pedestrian_Event
EVT_00569,47.2,3,30,21.1,56,20.51,19.2,18.1,51.7,48.3,Incident
EVT_00570,22.0,4,28,47.6,0,10.19,26.0,74.5,46.2,25.0,Free_Flow
EVT_00571,60.9,7,26,1.5,67,18.65,30.9,21.8,46.8,50.4,Heavy_Traffic
EVT_00572,54.7,5,34,26.9,80,7.93,29.9,48.9,49.3,49.5,Heavy_Traffic
EVT_00573,41.1,27,27,41.1,62,18.07,32.0,27.4,51.0,31.5,Pedestrian_Event
EVT_00574,55.8,5,23,18.9,99,8.72,29.5,51.3,66.2,34.8,Incident
EVT_00575,35.1,3,20,61.2,32,17.12,25.6,29.4,57.7,43.8,Free_Flow
EVT_00576,0.0,1,3,51.4,10,0.14,15.3,1.5,66.0,22.5,Low_Activity
EVT_00577,61.7,16,35,3.9,31,10.94,24.9,84.9,67.7,26.3,Pedestrian_Event
EVT_00578,5.3,1,5,43.9,7,3.19,21.2,25.3,33.9,71.7,Low_Activity
EVT_00579,41.7,3,11,24.7,13,21.63,26.0,23.0,25.8,31.9,Free_Flow
EVT_00580,17.0,3,8,37.1,45,5.22,20.3,16.5,36.1,42.9,Free_Flow
EVT_00581,30.8,3,25,6.2,41,10.93,31.5,69.8,85.0,31.0,Incident
EVT_00582,56.1,5,30,34.4,24,7.14,18.9,45.6,35.9,59.9,Heavy_Traffic
EVT_00583,5.0,0,4,29.0,23,3.85,19.3,12.1,51.6,26.6,Low_Activity
EVT_00584,15.0,2,5,32.8,2,18.32,21.0,19.7,82.5,76.6,Low_Activity
EVT_00585,27.2,17,30,16.0,64,12.85,28.9,63.2,15.5,38.1,Incident
EVT_00586,24.4,1,2,51.4,8,23.35,18.0,10.3,68.1,27.4,Low_Activity
EVT_00587,27.9,12,18,42.3,35,11.99,33.3,73.2,24.4,48.9,Free_Flow
EVT_00588,23.5,2,21,35.2,9,5.52,20.0,6.3,52.3,59.8,Free_Flow
EVT_00589,39.6,23,27,30.5,16,14.78,33.8,87.8,17.9,27.7,Pedestrian_Event
EVT_00590,39.2,3,0,53.9,25,12.87,34.5,68.3,47.9,40.8,Free_Flow
EVT_00591,15.5,3,26,45.3,29,16.46,40.6,60.9,15.9,38.0,Free_Flow
EVT_00592,13.9,1,2,47.7,8,0.26,25.6,20.0,43.3,45.7,Low_Activity
EVT_00593,3.3,10,7,44.9,0,17.69,32.8,57.3,73.1,46.0,Low_Activity
EVT_00594,9.4,1,16,51.9,0,23.14,21.2,27.8,71.0,49.7,Low_Activity
EVT_00595,25.8,5,7,48.5,33,10.11,25.9,77.7,42.9,48.1,Free_Flow
EVT_00596,95.3,5,35,19.2,75,11.56,28.3,77.0,27.3,24.5,Heavy_Traffic
EVT_00597,31.0,7,8,21.9,59,8.19,22.5,62.0,35.9,52.3,Pedestrian_Event
EVT_00598,27.8,15,20,0.0,40,16.66,32.8,63.8,46.0,19.2,Incident
EVT_00599,0.0,2,3,43.1,23,0.68,21.0,4.7,72.3,49.9,Low_Activity
EVT_00600,1.9,6,13,64.3,37,19.96,22.1,24.6,57.8,40.7,Free_Flow
EVT_00601,53.2,5,45,19.1,57,16.74,30.3,31.7,70.7,47.0,Heavy_Traffic
EVT_00602,41.8,6,26,0.0,0,12.13,27.7,99.8,76.7,58.7,Incident
EVT_00603,59.9,2,21,10.6,134,16.09,27.7,59.7,41.2,45.4,Heavy_Traffic
EVT_00604,30.2,3,19,13.0,49,3.52,19.8,33.2,61.5,37.4,Incident
EVT_00605,39.1,8,4,26.9,35,20.57,27.4,8.6,75.4,39.3,Pedestrian_Event
EVT_00606,43.4,1,24,43.6,38,21.06,22.3,39.9,74.1,47.6,Free_Flow
EVT_00607,55.5,21,17,16.0,61,14.73,32.1,74.2,88.0,48.6,Pedestrian_Event
EVT_00608,5.3,2,5,59.2,17,18.06,26.4,41.1,10.7,51.7,Low_Activity
EVT_00609,58.4,3,21,22.2,60,10.2,29.0,49.2,25.1,68.7,Incident
EVT_00610,20.0,13,13,34.8,45,15.08,30.7,58.9,50.9,27.0,Pedestrian_Event
EVT_00611,14.3,1,1,49.8,25,22.57,20.8,18.6,18.6,17.6,Low_Activity
EVT_00612,66.3,1,31,21.6,35,3.94,15.2,7.2,52.1,,Incident
EVT_00613,56.0,29,30,45.3,95,14.43,32.0,74.9,47.5,65.3,Pedestrian_Event
EVT_00614,81.2,1,17,12.5,21,17.05,34.4,64.4,46.6,80.9,Heavy_Traffic
EVT_00615,58.3,9,22,19.6,52,17.25,29.8,61.3,75.6,53.4,Heavy_Traffic
EVT_00616,19.9,2,22,62.0,28,23.09,30.6,22.6,76.4,50.8,Free_Flow
EVT_00617,65.2,2,17,23.8,24,23.25,21.0,20.8,20.5,39.9,Incident
EVT_00618,25.1,19,11,32.4,30,17.57,33.4,50.4,52.2,41.2,Pedestrian_Event
EVT_00619,60.4,35,26,23.3,52,7.97,19.6,42.2,55.0,63.8,Pedestrian_Event
EVT_00620,62.9,4,19,13.2,94,8.26,25.9,76.2,4.5,61.3,Heavy_Traffic
EVT_00621,4.1,2,1,50.0,9,22.85,24.5,25.5,34.4,46.3,Low_Activity
EVT_00622,15.0,2,11,48.8,36,21.08,24.0,24.1,42.9,32.0,Free_Flow
EVT_00623,55.3,2,36,20.9,35,6.32,19.4,42.2,,60.6,Heavy_Traffic
EVT_00624,24.1,2,18,57.5,30,21.16,21.4,28.1,45.7,49.7,Free_Flow
EVT_00625,34.5,30,35,28.3,49,19.79,26.7,38.7,36.6,42.4,Pedestrian_Event
EVT_00626,14.1,8,19,33.0,38,12.28,34.6,78.2,84.1,54.7,Free_Flow
EVT_00627,81.8,3,49,15.3,0,19.26,31.1,16.5,17.4,30.2,Heavy_Traffic
EVT_00628,17.4,0,4,67.9,18,8.65,28.7,63.2,31.5,63.9,Low_Activity
EVT_00629,6.2,2,8,52.5,28,6.06,22.1,40.3,53.0,13.2,Free_Flow
EVT_00630,0.0,1,5,19.6,22,21.7,19.3,18.0,61.5,82.0,Low_Activity
EVT_00631,38.1,2,17,42.4,26,15.51,36.8,93.7,10.3,57.1,Low_Activity
EVT_00632,36.8,11,15,61.0,25,19.29,32.8,41.0,62.4,53.8,Free_Flow
EVT_00633,6.9,1,3,24.4,12,4.4,22.5,21.2,31.4,17.1,Low_Activity
EVT_00634,27.4,1,4,56.4,25,23.29,20.1,9.2,64.5,38.6,Low_Activity
EVT_00635,55.5,6,13,42.5,10,19.96,29.5,16.2,45.1,47.5,Heavy_Traffic
EVT_00636,67.2,31,12,21.2,62,18.92,32.5,22.7,26.0,13.1,Pedestrian_Event
EVT_00637,31.6,7,16,39.7,21,20.14,26.9,36.9,38.9,59.0,Free_Flow
EVT_00638,23.7,3,12,30.7,19,14.93,26.3,70.6,0.0,36.0,Free_Flow
EVT_00639,14.8,1,15,63.5,9,22.93,20.2,0.2,21.9,41.1,Free_Flow
EVT_00640,50.8,16,20,8.9,50,8.03,27.0,49.0,36.8,37.8,Pedestrian_Event
EVT_00641,59.2,10,18,6.0,54,9.9,26.3,69.5,80.3,52.2,Incident
EVT_00642,56.3,8,45,24.5,44,14.21,33.2,73.9,4.3,42.3,Incident
EVT_00643,83.0,10,34,16.0,54,15.68,34.0,51.8,74.2,34.9,Heavy_Traffic
EVT_00644,46.7,22,19,30.2,16,16.28,37.4,53.8,17.9,46.5,Pedestrian_Event
EVT_00645,5.6,1,8,20.6,27,7.2,20.8,44.3,84.1,38.6,Low_Activity
EVT_00646,87.9,5,44,14.4,62,7.69,17.5,48.0,50.0,69.4,Heavy_Traffic
EVT_00647,15.0,2,7,26.9,33,22.54,29.3,31.5,83.1,46.3,Low_Activity
EVT_00648,61.0,8,36,22.4,90,17.83,22.0,52.7,14.2,40.3,Heavy_Traffic
EVT_00649,55.5,17,11,17.2,47,15.38,33.5,66.5,24.7,36.6,Incident
EVT_00650,19.4,1,14,54.8,24,8.23,22.2,57.3,85.2,40.6,Free_Flow
EVT_00651,39.6,10,10,33.5,42,5.47,26.9,7.9,44.9,55.0,Pedestrian_Event
EVT_00652,14.0,21,36,31.5,32,12.84,33.2,94.3,82.5,61.0,Pedestrian_Event
EVT_00653,48.8,13,26,29.7,24,7.87,22.5,62.5,25.9,45.0,Pedestrian_Event
EVT_00654,41.3,30,7,50.5,30,18.17,31.5,49.0,48.8,47.3,Pedestrian_Event
EVT_00655,75.5,2,30,28.9,39,23.72,26.4,42.2,45.7,24.8,Incident
EVT_00656,41.6,2,21,31.3,38,17.93,32.8,33.2,38.3,60.4,Pedestrian_Event
EVT_00657,47.8,30,30,36.3,10,13.28,29.7,92.3,17.7,42.7,Pedestrian_Event
EVT_00658,48.3,10,44,12.0,62,18.83,28.2,22.4,72.5,50.0,Heavy_Traffic
EVT_00659,87.7,7,51,26.6,110,17.71,24.0,63.2,51.0,43.2,Heavy_Traffic
EVT_00660,35.2,4,24,58.3,27,23.12,18.8,23.0,44.2,41.6,Free_Flow
EVT_00661,41.5,23,35,14.1,109,17.34,26.4,38.4,74.0,13.1,Incident
EVT_00662,9.4,1,1,43.1,14,22.47,24.8,26.6,75.7,52.7,Free_Flow
EVT_00663,48.5,2,0,18.4,0,1.91,22.7,22.2,47.1,72.7,Incident
EVT_00664,5.1,1,4,32.7,10,23.2,17.1,8.4,53.2,36.5,Low_Activity
EVT_00665,60.0,3,50,31.8,60,6.43,20.6,13.3,37.3,32.0,Heavy_Traffic
EVT_00666,47.1,2,18,37.8,7,5.79,26.1,31.4,54.9,25.6,Free_Flow
EVT_00667,40.9,3,46,19.7,33,4.59,22.3,13.0,12.8,16.4,Incident
EVT_00668,37.1,7,15,46.9,30,15.0,31.9,57.8,53.9,25.8,Free_Flow
EVT_00669,70.7,3,56,36.4,64,8.27,20.3,49.6,55.8,48.1,Heavy_Traffic
EVT_00670,43.4,2,20,52.4,2,22.34,19.7,27.2,47.4,67.7,Free_Flow
EVT_00671,49.5,11,24,26.2,50,20.5,21.2,6.0,54.8,26.4,Pedestrian_Event
EVT_00672,35.8,38,12,41.3,14,18.75,27.1,22.4,63.9,59.8,Pedestrian_Event
EVT_00673,37.1,4,2,0.0,43,2.2,18.5,17.8,20.3,46.5,Incident
EVT_00674,38.7,3,21,49.1,29,22.87,19.8,40.4,58.2,45.5,Free_Flow
EVT_00675,54.3,9,45,15.1,69,9.86,23.1,74.2,49.8,53.0,Free_Flow
EVT_00676,35.3,1,8,52.6,20,5.09,18.0,13.4,0.4,50.3,Free_Flow
EVT_00677,23.1,19,9,23.9,72,10.88,26.3,64.6,37.4,42.9,Free_Flow
EVT_00678,17.8,3,6,53.3,28,19.33,35.0,14.7,0.0,50.6,Low_Activity
EVT_00679,0.0,0,6,51.4,13,2.87,16.7,25.3,50.8,52.5,Low_Activity
EVT_00680,68.4,7,28,25.3,84,18.62,30.3,17.4,73.4,31.1,Heavy_Traffic
EVT_00681,30.6,3,20,31.6,23,14.08,27.9,72.6,47.1,51.9,Free_Flow
EVT_00682,43.3,2,38,16.6,80,20.72,29.0,9.3,84.1,48.0,Heavy_Traffic
EVT_00683,65.3,11,41,27.6,37,15.84,31.4,65.8,40.1,,Heavy_Traffic
EVT_00684,27.8,10,0,9.2,33,18.17,26.0,19.6,56.1,23.2,Incident
EVT_00685,58.4,10,33,23.6,106,10.06,32.6,73.8,58.1,45.3,Incident
EVT_00686,40.4,3,7,50.8,20,12.41,27.7,87.7,51.9,47.1,Heavy_Traffic
EVT_00687,29.9,21,29,17.9,35,7.83,19.9,62.6,19.9,43.0,Pedestrian_Event
EVT_00688,72.1,4,37,20.4,13,18.71,33.3,13.7,49.6,28.6,Heavy_Traffic
EVT_00689,39.1,2,12,45.8,13,21.03,28.0,22.4,44.3,58.7,Free_Flow
EVT_00690,17.2,6,20,30.0,34,13.13,39.1,69.6,41.0,66.4,Incident
EVT_00691,18.4,33,29,26.9,38,16.93,28.7,50.5,54.4,74.8,Pedestrian_Event
EVT_00692,60.0,9,14,44.6,27,16.48,30.8,39.2,46.0,25.2,Pedestrian_Event
EVT_00693,29.6,8,18,7.7,40,17.16,31.7,58.4,63.8,55.4,Incident
EVT_00694,56.1,3,36,10.1,94,12.02,26.4,92.1,73.8,43.3,Heavy_Traffic
EVT_00695,61.7,6,27,15.4,53,9.95,22.5,67.5,36.9,25.0,Pedestrian_Event
EVT_00696,28.7,15,0,18.1,35,9.28,22.5,81.0,25.2,17.8,Pedestrian_Event
EVT_00697,51.9,7,27,41.7,32,10.19,24.4,80.5,75.3,46.2,Free_Flow
EVT_00698,57.0,25,28,28.7,26,20.32,27.0,13.3,69.1,49.7,Pedestrian_Event
EVT_00699,31.5,11,23,19.0,0,18.97,30.3,20.0,73.1,56.6,Heavy_Traffic
EVT_00700,56.9,5,10,11.0,77,7.36,16.7,39.5,44.6,44.3,Incident
EVT_00701,1.3,0,5,16.6,17,5.62,23.6,20.1,64.0,63.7,Low_Activity
EVT_00702,23.3,7,6,66.5,23,22.05,23.5,21.6,34.8,38.7,Free_Flow
EVT_00703,72.5,3,35,12.3,21,21.86,25.5,25.5,7.3,31.8,Incident
EVT_00704,25.8,9,29,11.6,99,15.47,31.7,63.7,68.5,78.7,Incident
EVT_00705,41.4,11,32,28.5,3,21.4,34.1,23.1,39.0,42.0,Heavy_Traffic
EVT_00706,67.2,7,41,19.8,86,18.16,27.2,14.3,42.1,55.7,Heavy_Traffic
EVT_00707,40.0,6,33,0.3,57,2.99,19.7,11.4,36.8,35.2,Incident
EVT_00708,64.6,25,29,16.6,104,6.76,22.3,30.0,78.0,57.6,Heavy_Traffic
EVT_00709,26.0,9,13,3.0,93,12.02,32.8,86.4,86.9,18.6,Incident
EVT_00710,19.4,1,4,39.4,26,23.33,22.3,8.1,68.3,47.7,Low_Activity
EVT_00711,11.5,4,12,43.8,23,10.21,25.2,96.8,67.4,23.5,Low_Activity
EVT_00712,6.1,0,3,59.8,10,3.86,24.0,0.0,45.0,36.0,Low_Activity
EVT_00713,60.7,26,26,19.0,71,6.52,22.9,45.8,13.0,32.1,Pedestrian_Event
EVT_00714,60.4,2,14,52.4,20,5.04,18.8,14.2,43.4,48.7,Free_Flow
EVT_00715,67.4,7,26,21.7,19,8.43,19.5,73.2,55.3,67.7,Heavy_Traffic
EVT_00716,31.7,6,26,32.1,19,21.4,20.3,40.5,19.2,34.3,Free_Flow
EVT_00717,49.7,10,18,28.9,18,15.8,35.1,62.3,56.5,0.0,Heavy_Traffic
EVT_00718,9.9,0,6,60.3,0,3.34,17.0,21.1,67.5,31.5,Low_Activity
EVT_00719,20.8,4,3,30.0,10,13.62,34.5,100.0,59.6,35.0,Low_Activity
EVT_00720,38.6,5,22,34.9,23,10.29,25.7,74.5,23.9,56.8,Free_Flow
EVT_00721,91.0,20,40,13.8,106,7.48,13.9,43.7,35.7,46.3,Heavy_Traffic
EVT_00722,36.9,1,24,13.9,63,5.76,23.5,45.7,61.6,46.1,Incident
EVT_00723,11.0,4,8,45.4,0,10.37,25.1,70.1,10.3,24.5,Free_Flow
EVT_00724,4.3,0,6,64.3,14,15.7,34.1,56.7,46.6,51.3,Free_Flow
EVT_00725,48.0,6,45,10.6,48,19.23,25.8,22.6,31.5,39.0,Heavy_Traffic
EVT_00726,54.6,8,16,13.7,38,7.76,22.7,31.0,60.4,32.2,Incident
EVT_00727,64.3,8,49,17.0,30,9.29,23.8,76.6,32.3,,Heavy_Traffic
EVT_00728,28.2,6,42,15.4,35,11.09,25.0,89.5,62.2,42.0,Incident
EVT_00729,4.6,1,3,76.8,18,5.8,17.5,32.1,9.8,26.9,Low_Activity
EVT_00730,39.0,7,24,14.9,55,20.08,23.1,30.0,4.9,58.9,Heavy_Traffic
EVT_00731,20.3,0,30,58.1,24,20.83,26.7,32.6,47.5,42.7,Pedestrian_Event
EVT_00732,96.3,4,1,16.6,53,1.65,21.1,10.8,,35.6,Incident
EVT_00733,50.3,10,19,32.1,70,16.77,25.0,48.7,31.3,60.5,Pedestrian_Event
EVT_00734,59.3,6,49,7.2,59,17.61,25.3,31.6,48.9,9.7,Heavy_Traffic
EVT_00735,8.8,2,8,36.0,16,19.92,31.7,23.9,48.3,38.8,Low_Activity
EVT_00736,72.3,5,40,35.2,49,7.2,21.8,36.0,37.2,45.2,Heavy_Traffic
EVT_00737,36.8,3,21,52.1,40,16.72,35.2,72.6,53.2,61.9,Free_Flow
EVT_00738,39.1,3,17,32.2,31,21.86,26.2,17.0,48.2,38.0,Free_Flow
EVT_00739,19.5,7,12,42.9,47,16.63,30.0,58.3,96.9,17.4,Free_Flow
EVT_00740,40.8,3,10,38.6,12,10.95,30.0,90.8,70.3,52.8,Free_Flow
EVT_00741,4.2,0,5,73.6,19,23.92,21.0,37.5,34.1,70.4,Low_Activity
EVT_00742,40.6,9,22,26.9,9,19.84,26.8,29.6,11.0,50.2,Incident
EVT_00743,35.6,9,10,31.0,34,8.9,26.4,49.5,28.7,48.4,Free_Flow
EVT_00744,61.5,3,43,11.3,43,22.89,15.9,5.9,54.8,35.3,Incident
EVT_00745,59.2,7,37,46.0,50,11.26,30.0,66.8,55.4,58.5,Heavy_Traffic
EVT_00746,62.2,6,55,17.8,63,10.1,28.5,96.8,11.7,32.4,Heavy_Traffic
EVT_00747,21.1,0,11,70.3,21,23.71,32.4,11.8,0.0,31.9,Low_Activity
EVT_00748,56.0,8,20,20.3,0,12.99,26.0,100.0,59.1,28.4,Pedestrian_Event
EVT_00749,80.3,7,17,22.9,47,16.77,37.3,54.4,11.3,44.0,Heavy_Traffic
EVT_00750,66.4,27,17,34.4,29,13.47,34.4,93.1,18.0,32.6,Pedestrian_Event
EVT_00751,42.7,6,37,19.2,75,8.18,20.2,63.3,66.9,35.9,Heavy_Traffic
EVT_00752,43.7,9,21,17.5,54,19.48,27.3,26.8,63.4,47.8,Heavy_Traffic
EVT_00753,60.1,5,42,26.3,52,10.59,27.3,61.4,63.0,37.9,Heavy_Traffic
EVT_00754,59.5,4,31,17.5,35,14.85,29.5,74.5,50.5,34.8,Heavy_Traffic
EVT_00755,58.6,9,22,17.5,43,16.31,28.8,74.8,49.5,35.6,Incident
EVT_00756,43.7,6,6,35.5,0,8.21,27.1,59.0,40.5,37.7,Free_Flow
EVT_00757,45.8,15,1,9.7,20,13.19,31.9,76.4,85.2,41.8,Incident
EVT_00758,59.5,4,40,25.1,75,16.35,33.7,74.1,65.0,61.1,Heavy_Traffic
EVT_00759,25.9,6,24,16.6,52,8.15,18.4,53.9,61.4,24.3,Heavy_Traffic
EVT_00760,26.9,4,17,44.8,25,12.62,29.4,100.0,39.9,58.0,Free_Flow
EVT_00761,20.8,17,16,35.8,5,18.32,29.2,42.1,65.9,39.5,Pedestrian_Event
EVT_00762,60.8,4,31,21.9,71,20.63,31.7,17.6,27.1,23.4,Heavy_Traffic
EVT_00763,12.6,2,7,31.0,23,19.87,27.9,23.9,37.9,61.4,Low_Activity
EVT_00764,2.6,1,6,41.1,19,6.2,19.6,52.1,4.4,48.2,Low_Activity
EVT_00765,11.9,3,14,41.1,21,2.56,19.6,10.0,61.7,47.5,Low_Activity
EVT_00766,66.4,5,29,28.1,62,18.11,32.9,50.1,68.9,31.5,Heavy_Traffic
EVT_00767,75.0,7,37,18.9,64,7.44,22.8,54.9,0.0,36.8,Heavy_Traffic
EVT_00768,77.9,3,25,15.3,18,8.66,29.1,55.3,57.8,48.9,Heavy_Traffic
EVT_00769,30.6,7,18,38.3,33,13.48,31.0,57.5,32.9,41.7,Free_Flow
EVT_00770,34.5,10,13,43.5,5,10.18,29.7,79.1,42.1,26.4,Free_Flow
EVT_00771,23.1,3,23,16.8,50,14.4,33.0,81.5,35.6,59.2,Free_Flow
EVT_00772,56.3,6,25,25.8,61,17.23,32.8,55.3,33.2,46.0,Heavy_Traffic
EVT_00773,53.7,10,30,8.3,69,7.74,25.0,52.4,13.8,69.4,Heavy_Traffic
EVT_00774,22.1,3,11,49.1,43,23.1,21.3,30.6,63.2,45.3,Free_Flow
EVT_00775,60.8,8,13,15.8,79,17.35,30.0,53.1,31.5,31.5,Incident
EVT_00776,66.0,14,47,13.1,76,9.56,26.9,82.8,67.5,51.6,Heavy_Traffic
EVT_00777,3.2,1,4,19.3,0,15.57,25.1,63.6,42.9,27.0,Low_Activity
EVT_00778,6.4,0,6,19.8,18,23.63,21.2,0.0,66.4,38.1,Low_Activity
EVT_00779,31.7,2,17,36.2,15,23.5,26.6,17.4,77.8,70.8,Free_Flow
EVT_00780,55.1,6,36,15.5,9,21.33,29.7,2.4,32.4,49.5,Heavy_Traffic
EVT_00781,33.1,1,12,47.4,25,5.89,18.8,24.1,46.4,35.2,Free_Flow
EVT_00782,88.3,6,35,11.0,69,18.08,31.9,19.8,47.8,42.3,Heavy_Traffic
EVT_00783,29.0,31,26,21.6,60,11.82,31.7,72.5,16.0,47.6,Free_Flow
EVT_00784,74.1,4,42,21.1,16,18.61,32.5,27.2,90.6,39.7,Heavy_Traffic
EVT_00785,36.6,43,2,15.6,36,15.01,32.7,56.4,49.3,46.6,Pedestrian_Event
EVT_00786,42.8,29,30,2.4,60,18.68,19.4,28.2,42.3,56.4,Pedestrian_Event
EVT_00787,48.7,1,23,23.9,27,22.95,12.3,14.7,,46.5,Free_Flow
EVT_00788,73.1,3,36,14.7,75,9.33,24.0,66.8,68.9,30.8,Heavy_Traffic
EVT_00789,36.8,9,11,43.9,10,7.01,25.1,30.1,77.6,16.6,Free_Flow
EVT_00790,22.5,4,18,5.0,30,9.71,28.7,74.7,67.7,51.0,Incident
EVT_00791,34.5,3,40,23.9,114,21.07,25.5,23.3,4.3,50.2,Heavy_Traffic
EVT_00792,59.2,1,22,22.8,71,4.51,24.9,42.8,62.0,35.6,Incident
EVT_00793,33.5,6,22,21.5,65,18.11,31.2,30.2,72.5,33.6,Incident
EVT_00794,81.5,6,42,14.7,110,20.96,24.7,10.8,65.6,55.3,Heavy_Traffic
EVT_00795,14.0,1,2,50.9,4,2.4,20.1,22.3,58.3,35.7,Low_Activity
EVT_00796,35.3,7,5,47.8,34,19.9,30.9,23.1,22.6,37.9,Free_Flow
EVT_00797,35.9,1,10,39.3,8,5.32,25.0,4.8,31.5,38.8,Free_Flow
EVT_00798,33.4,6,22,35.8,37,7.56,27.6,38.4,38.9,52.0,Free_Flow
EVT_00799,100.0,2,50,20.2,53,10.46,31.3,68.2,81.9,59.4,Heavy_Traffic
EVT_00800,41.9,6,30,15.4,0,20.28,23.2,24.2,100.0,74.4,Heavy_Traffic
EVT_00801,34.2,6,14,54.8,9,18.81,28.5,10.2,82.6,25.8,Free_Flow
EVT_00802,41.4,6,37,11.6,58,15.65,29.5,73.8,51.0,69.0,Incident
EVT_00803,14.5,2,18,64.4,44,13.33,28.1,74.4,59.4,40.9,Free_Flow
EVT_00804,22.0,2,24,58.8,33,19.0,25.8,25.7,55.7,45.0,Free_Flow
EVT_00805,22.5,15,22,49.5,16,17.49,23.6,33.9,47.5,65.8,Low_Activity
EVT_00806,23.3,2,16,52.3,10,5.01,22.8,18.2,64.2,21.0,Free_Flow
EVT_00807,42.9,23,18,36.4,0,13.86,30.2,79.4,80.6,31.0,Pedestrian_Event
EVT_00808,58.9,35,6,36.4,47,7.27,17.8,47.6,,38.8,Pedestrian_Event
EVT_00809,8.4,3,3,60.6,11,18.96,28.3,30.7,42.8,66.2,Free_Flow
EVT_00810,20.3,2,15,70.2,8,22.64,20.0,29.4,87.9,18.2,Low_Activity
EVT_00811,27.3,8,4,29.7,50,15.05,34.5,72.3,40.1,39.1,Pedestrian_Event
EVT_00812,4.1,0,4,47.1,20,3.49,23.8,23.4,51.2,47.5,Low_Activity
EVT_00813,8.5,2,5,49.4,0,23.38,28.5,6.8,44.6,66.6,Low_Activity
EVT_00814,32.0,32,32,6.8,48,7.78,21.3,52.4,37.0,54.6,Free_Flow
EVT_00815,22.8,0,2,45.6,12,23.06,31.6,26.9,,61.1,Low_Activity
EVT_00816,62.7,19,10,27.6,79,7.71,24.6,28.7,32.7,43.1,Pedestrian_Event
EVT_00817,68.3,7,19,19.1,63,18.45,30.0,39.0,41.2,48.0,Incident
EVT_00818,27.1,5,21,27.1,18,16.63,31.6,47.8,66.5,54.8,Free_Flow
EVT_00819,0.0,2,6,45.4,0,4.08,17.0,19.9,7.2,38.9,Low_Activity
EVT_00820,58.1,22,9,28.4,36,9.69,22.8,81.2,61.4,42.8,Pedestrian_Event
EVT_00821,30.5,5,16,42.0,24,5.32,25.2,32.6,60.2,52.9,Free_Flow
EVT_00822,49.1,4,33,12.8,72,20.56,25.9,10.6,82.3,45.1,Heavy_Traffic
EVT_00823,27.0,2,8,50.9,38,21.1,26.7,7.6,30.9,68.3,Free_Flow
EVT_00824,41.4,7,35,13.9,107,16.36,31.5,42.3,32.2,28.2,Incident
EVT_00825,52.0,5,40,30.1,28,9.92,26.8,69.1,61.2,21.0,Heavy_Traffic
EVT_00826,75.4,20,19,12.5,57,9.82,34.1,65.2,79.8,50.2,Heavy_Traffic
EVT_00827,32.2,3,10,46.2,9,11.32,23.6,95.9,45.2,40.6,Free_Flow
EVT_00828,6.9,7,7,51.0,18,10.28,28.1,62.7,56.5,54.3,Low_Activity
EVT_00829,21.5,11,5,32.3,40,15.4,31.2,76.8,26.0,39.9,Heavy_Traffic
EVT_00830,44.0,7,29,22.0,32,8.66,22.1,49.1,52.2,40.0,Heavy_Traffic
EVT_00831,50.8,25,20,43.9,21,14.64,33.1,73.5,41.6,32.1,Pedestrian_Event
EVT_00832,15.6,0,5,44.3,20,6.19,20.5,20.8,54.8,16.6,Low_Activity
EVT_00833,10.9,34,6,35.4,44,13.83,25.7,63.3,62.3,30.1,Free_Flow
EVT_00834,25.7,5,18,35.4,9,11.59,30.1,98.9,48.4,34.7,Low_Activity
EVT_00835,30.1,0,10,42.7,4,12.32,32.2,63.0,67.0,23.2,Free_Flow
EVT_00836,61.0,9,41,29.0,65,9.11,28.9,70.1,38.7,45.4,Heavy_Traffic
EVT_00837,35.9,27,11,37.6,41,16.35,39.7,23.5,44.3,45.4,Pedestrian_Event
EVT_00838,73.6,10,18,15.7,91,18.43,28.5,24.6,66.2,81.9,Heavy_Traffic
EVT_00839,56.3,14,30,26.2,63,9.75,28.4,80.5,92.1,52.7,Incident
EVT_00840,46.4,16,17,26.8,21,10.95,29.4,80.8,,38.7,Free_Flow
EVT_00841,85.6,6,35,32.0,69,17.27,34.6,38.7,32.2,71.2,Heavy_Traffic
EVT_00842,26.4,29,34,35.2,54,12.5,31.6,76.2,56.4,,Pedestrian_Event
EVT_00843,9.8,0,6,39.1,14,19.78,31.1,13.1,53.8,22.5,Free_Flow
EVT_00844,22.9,1,8,32.5,9,21.14,23.3,33.6,80.5,70.4,Low_Activity
EVT_00845,83.7,6,40,0.1,15,18.21,27.9,23.5,38.5,41.8,Incident
EVT_00846,34.6,6,26,39.3,8,13.71,33.0,72.6,75.5,45.5,Heavy_Traffic
EVT_00847,57.3,19,35,13.0,63,16.53,27.7,71.2,28.3,69.6,Heavy_Traffic
EVT_00848,23.0,19,17,51.0,7,20.29,24.5,25.6,73.5,16.6,Low_Activity
EVT_00849,47.5,34,17,29.2,26,7.31,32.1,31.8,37.3,50.3,Pedestrian_Event
EVT_00850,60.6,1,10,17.4,0,4.08,19.9,7.5,44.5,53.1,Incident
EVT_00851,82.7,4,41,36.7,26,7.77,23.2,62.1,29.9,64.6,Heavy_Traffic
EVT_00852,2.8,0,3,48.6,0,23.58,16.2,2.8,24.4,42.1,Low_Activity
EVT_00853,13.9,1,0,63.4,12,22.7,23.6,21.7,71.6,40.1,Low_Activity
EVT_00854,45.0,26,6,29.0,40,7.83,25.7,51.2,62.6,28.9,Pedestrian_Event
EVT_00855,50.5,6,44,22.9,56,19.24,29.5,19.8,42.5,59.1,Incident
EVT_00856,21.7,0,3,66.6,23,18.75,30.6,19.1,37.9,36.2,Low_Activity
EVT_00857,40.7,3,8,48.1,9,14.84,37.0,63.2,28.8,37.7,Free_Flow
EVT_00858,12.9,1,1,50.3,17,3.85,26.6,19.3,52.5,39.4,Low_Activity
EVT_00859,21.7,6,10,50.3,28,9.88,26.1,59.3,58.6,32.5,Free_Flow
EVT_00860,46.2,18,21,25.8,9,8.85,18.0,82.9,5.8,24.7,Pedestrian_Event
EVT_00861,65.7,17,26,19.3,14,13.48,28.4,85.7,72.1,55.7,Pedestrian_Event
EVT_00862,25.8,3,14,48.6,13,8.16,26.5,59.2,87.2,35.4,Free_Flow
EVT_00863,23.6,4,19,44.6,8,7.03,20.1,38.0,42.8,49.9,Free_Flow
EVT_00864,10.7,5,11,16.4,63,20.55,25.9,23.4,66.1,41.5,Pedestrian_Event
EVT_00865,33.7,18,29,26.2,66,8.64,27.0,64.4,36.9,57.3,Pedestrian_Event
EVT_00866,81.9,5,43,19.9,92,12.11,28.1,83.0,42.6,41.4,Pedestrian_Event
EVT_00867,27.6,1,4,48.3,13,12.87,33.1,85.5,14.4,26.1,Pedestrian_Event
EVT_00868,70.7,8,25,7.0,61,8.39,22.9,69.5,34.5,43.8,Heavy_Traffic
EVT_00869,64.9,15,45,14.4,63,7.76,24.0,51.3,51.1,22.8,Heavy_Traffic
EVT_00870,73.5,13,28,32.3,26,8.92,30.9,52.1,68.7,27.6,Incident
EVT_00871,45.3,5,37,46.6,0,8.8,21.5,50.7,45.9,51.5,Free_Flow
EVT_00872,5.4,2,8,45.6,17,3.14,17.9,26.8,74.8,58.9,Low_Activity
EVT_00873,92.3,2,49,12.2,82,21.58,27.7,19.8,,68.2,Free_Flow
EVT_00874,19.3,0,2,26.3,26,22.91,22.9,18.2,87.5,37.6,Low_Activity
EVT_00875,42.3,13,20,16.8,18,15.67,23.6,71.0,3.1,43.7,Pedestrian_Event
EVT_00876,73.3,11,53,19.1,45,7.16,22.5,62.5,69.6,47.2,Heavy_Traffic
EVT_00877,49.2,5,23,30.8,30,9.12,24.1,65.3,25.9,28.2,Incident
EVT_00878,0.0,4,4,63.9,16,23.48,21.4,24.3,47.0,45.3,Low_Activity
EVT_00879,42.4,18,18,17.2,65,11.15,29.7,81.6,69.3,23.3,Pedestrian_Event
EVT_00880,12.3,0,5,34.2,23,22.41,21.6,10.9,59.1,30.8,Low_Activity
EVT_00881,53.3,22,21,30.9,70,7.18,21.9,27.9,56.7,44.1,Pedestrian_Event
EVT_00882,22.8,19,24,42.9,35,9.64,28.4,80.5,19.0,36.4,Pedestrian_Event
EVT_00883,45.5,3,3,20.0,17,12.84,31.5,72.0,23.1,53.3,Free_Flow
EVT_00884,47.0,15,15,44.8,49,12.92,29.7,72.0,28.7,53.1,Pedestrian_Event
EVT_00885,27.5,0,3,65.8,16,6.16,23.7,28.1,29.9,46.0,Low_Activity
EVT_00886,10.3,0,7,50.7,28,23.36,21.6,19.9,53.3,31.3,Low_Activity
EVT_00887,79.1,5,11,23.7,50,3.04,14.6,31.7,68.0,30.5,Incident
EVT_00888,16.5,1,8,34.3,10,23.61,24.8,23.0,51.7,25.4,Low_Activity
EVT_00889,48.2,15,32,1.3,80,11.69,28.7,70.6,46.6,62.0,Incident
EVT_00890,17.8,1,2,47.5,44,1.42,21.1,17.1,59.4,31.5,Low_Activity
EVT_00891,49.1,9,37,10.6,76,16.86,32.2,57.8,69.9,31.2,Incident
EVT_00892,48.4,2,38,19.6,59,6.44,21.2,32.9,52.8,33.3,Incident
EVT_00893,6.1,1,3,37.2,0,0.24,21.0,28.6,53.4,34.3,Low_Activity
EVT_00894,35.3,6,31,0.0,48,16.14,37.4,38.7,65.9,58.3,Incident
EVT_00895,61.9,7,38,9.1,40,6.53,22.6,48.5,67.9,27.2,Heavy_Traffic
EVT_00896,48.0,11,21,34.6,11,21.9,27.4,31.7,93.4,19.8,Pedestrian_Event
EVT_00897,0.0,2,8,22.5,14,4.95,22.1,38.8,47.0,50.6,Low_Activity
EVT_00898,22.0,2,3,34.9,20,4.46,20.9,25.1,47.1,23.7,Low_Activity
EVT_00899,66.2,2,12,3.9,47,0.91,14.6,10.4,34.2,54.5,Free_Flow
EVT_00900,18.0,5,15,50.4,20,20.29,25.0,20.4,58.3,70.0,Free_Flow
EVT_00901,22.1,2,17,49.4,0,10.57,29.5,97.9,95.7,35.6,Free_Flow
EVT_00902,35.3,2,30,10.7,54,6.14,21.0,44.2,83.7,60.1,Incident
EVT_00903,44.4,2,26,40.6,36,22.04,28.6,40.1,62.4,37.8,Free_Flow
EVT_00904,13.4,6,16,22.7,24,6.57,26.8,27.1,35.5,27.1,Low_Activity
EVT_00905,50.3,3,16,45.6,22,5.13,16.4,24.6,45.2,35.9,Free_Flow
EVT_00906,53.8,28,29,24.0,60,8.76,26.9,53.9,62.2,23.1,Pedestrian_Event
EVT_00907,13.0,0,5,26.1,14,0.72,17.3,25.9,22.9,35.6,Low_Activity
EVT_00908,25.1,24,15,47.7,28,8.99,29.7,57.4,63.1,19.3,Pedestrian_Event
EVT_00909,55.6,10,10,67.2,0,19.94,22.9,31.7,74.2,44.5,Free_Flow
EVT_00910,0.0,0,3,66.6,12,0.87,22.7,23.7,58.9,57.9,Low_Activity
EVT_00911,42.5,33,18,29.1,19,12.25,30.3,89.4,67.3,37.9,Pedestrian_Event
EVT_00912,52.5,6,13,20.4,70,6.8,24.9,49.3,79.9,42.3,Heavy_Traffic
EVT_00913,34.8,6,14,14.5,56,18.96,27.4,26.4,57.3,34.4,Incident
EVT_00914,18.3,0,4,49.5,0,23.35,23.9,18.1,56.2,31.9,Low_Activity
EVT_00915,64.0,23,2,28.7,44,13.92,30.6,67.9,69.4,37.2,Pedestrian_Event
EVT_00916,23.6,6,21,36.8,45,16.17,27.8,36.1,50.7,22.6,Free_Flow
EVT_00917,23.9,2,13,14.3,17,1.03,17.8,13.7,64.3,60.2,Low_Activity
EVT_00918,44.2,4,29,21.3,58,8.9,26.9,66.9,56.5,54.7,Heavy_Traffic
EVT_00919,22.3,0,4,51.3,18,16.6,30.6,57.1,37.5,29.0,Low_Activity
EVT_00920,17.0,2,1,32.9,0,6.59,27.4,56.7,100.0,47.6,Low_Activity
EVT_00921,22.1,13,23,45.0,42,18.25,23.3,37.3,65.0,47.4,Free_Flow
EVT_00922,35.4,10,38,45.6,21,13.93,26.7,83.0,64.7,40.9,Free_Flow
EVT_00923,68.5,7,27,30.5,75,12.12,32.8,50.2,52.1,42.9,Incident
EVT_00924,78.3,7,35,22.9,33,9.84,26.0,53.6,46.6,48.5,Heavy_Traffic
EVT_00925,33.1,1,19,45.7,0,10.77,32.1,81.6,60.6,28.2,Low_Activity
EVT_00926,31.0,5,24,39.2,4,6.8,27.8,38.5,55.4,61.8,Free_Flow
EVT_00927,18.9,10,10,40.2,28,18.95,23.6,17.5,41.7,49.5,Free_Flow
EVT_00928,25.9,2,23,50.4,28,9.33,27.6,61.3,28.7,10.2,Free_Flow
EVT_00929,30.4,3,15,59.2,18,7.79,25.5,41.4,23.7,26.1,Free_Flow
EVT_00930,28.7,10,7,37.3,47,7.09,19.4,41.8,25.2,38.2,Free_Flow
EVT_00931,29.8,27,8,24.3,41,7.11,24.7,36.3,81.6,20.8,Pedestrian_Event
EVT_00932,57.5,3,34,21.9,56,7.83,25.4,60.4,48.7,36.4,Heavy_Traffic
EVT_00933,8.9,6,34,16.7,91,20.27,25.5,7.3,52.8,39.3,Incident
EVT_00934,86.6,1,35,24.4,78,7.43,22.1,48.6,37.6,29.3,Heavy_Traffic
EVT_00935,30.1,6,14,55.9,14,19.03,29.0,33.2,34.3,20.0,Free_Flow
EVT_00936,6.5,0,3,48.7,18,22.38,20.2,41.2,30.0,56.8,Low_Activity
EVT_00937,52.4,7,31,19.6,45,6.55,12.7,35.8,,73.8,Incident
EVT_00938,7.2,1,3,35.0,0,23.22,27.6,20.8,38.6,62.2,Low_Activity
EVT_00939,50.9,13,30,13.7,52,5.93,22.0,26.5,31.3,34.7,Pedestrian_Event
EVT_00940,22.7,5,14,40.6,11,18.18,27.2,47.2,47.6,48.0,Free_Flow
EVT_00941,18.9,6,13,30.8,1,11.3,24.1,79.7,85.8,51.4,Free_Flow
EVT_00942,66.5,16,35,12.7,102,12.7,33.3,86.9,37.4,39.1,Incident
EVT_00943,40.4,3,23,52.0,30,9.47,22.7,70.4,38.7,59.5,Free_Flow
EVT_00944,58.8,11,36,11.6,61,17.85,28.6,14.9,33.7,,Heavy_Traffic
EVT_00945,37.3,7,23,46.3,17,19.02,31.4,22.0,55.8,33.0,Free_Flow
EVT_00946,75.1,6,44,24.9,3,8.57,22.6,70.2,93.0,41.0,Heavy_Traffic
EVT_00947,10.6,2,24,60.1,13,21.71,22.5,22.7,33.0,35.4,Free_Flow
EVT_00948,67.2,5,35,22.6,73,7.06,23.3,46.6,33.7,53.2,Heavy_Traffic
EVT_00949,68.4,22,25,15.2,19,18.08,32.2,38.3,38.4,45.6,Pedestrian_Event
EVT_00950,25.4,2,25,48.8,10,22.73,21.0,26.8,87.0,39.7,Heavy_Traffic
EVT_00951,53.0,8,14,41.3,5,12.07,33.5,83.7,71.2,42.9,Free_Flow
EVT_00952,63.8,7,38,7.7,48,13.25,27.2,75.5,66.2,60.6,Heavy_Traffic
EVT_00953,83.9,2,45,21.6,97,20.82,23.4,11.0,89.6,69.6,Heavy_Traffic
EVT_00954,58.1,5,34,25.6,66,18.28,35.4,51.3,62.2,55.4,Heavy_Traffic
EVT_00955,60.2,9,21,24.1,39,9.35,22.7,80.0,58.0,17.4,Pedestrian_Event
EVT_00956,42.6,1,60,12.1,46,18.39,31.2,25.7,27.3,40.8,Heavy_Traffic
EVT_00957,22.0,4,12,56.9,8,13.56,34.0,67.4,,42.8,Free_Flow
EVT_00958,31.0,27,20,28.1,18,8.71,21.2,46.6,42.1,31.3,Pedestrian_Event
EVT_00959,84.8,16,51,9.3,103,9.62,23.0,88.0,46.4,43.4,Heavy_Traffic
EVT_00960,3.5,6,38,17.1,49,23.17,21.7,13.4,48.8,64.3,Incident
EVT_00961,61.5,6,35,14.4,52,16.86,22.7,45.9,43.6,61.4,Heavy_Traffic
EVT_00962,50.6,19,30,20.7,35,9.82,24.1,99.8,53.4,,Heavy_Traffic
EVT_00963,31.8,2,13,47.3,32,22.79,20.6,37.5,39.7,54.4,Free_Flow
EVT_00964,43.7,10,22,13.9,28,13.62,32.4,72.9,38.7,52.1,Incident
EVT_00965,47.4,9,8,15.4,2,7.13,22.4,62.2,70.7,,Incident
EVT_00966,82.8,2,21,6.7,90,20.64,24.3,38.4,68.2,33.4,Incident
EVT_00967,6.1,1,17,36.0,14,22.53,23.3,21.9,53.3,44.9,Low_Activity
EVT_00968,20.8,1,6,61.6,30,23.66,23.5,7.3,26.0,28.1,Low_Activity
EVT_00969,15.5,5,23,36.8,12,11.23,30.1,92.3,59.3,,Free_Flow
EVT_00970,33.1,23,34,11.0,67,17.48,31.5,50.9,78.2,33.0,Pedestrian_Event
EVT_00971,29.0,18,23,29.8,49,15.58,32.4,76.1,6.7,30.8,Pedestrian_Event
EVT_00972,66.0,5,24,10.2,39,19.81,28.6,33.2,48.7,40.2,Heavy_Traffic
EVT_00973,47.1,21,39,23.2,53,20.07,32.7,29.1,29.0,52.4,Pedestrian_Event
EVT_00974,76.4,1,3,11.9,1,21.77,27.0,27.1,52.6,44.1,Heavy_Traffic
EVT_00975,98.9,7,30,19.7,39,13.42,31.1,75.2,29.3,29.6,Incident
EVT_00976,61.5,6,30,24.5,43,11.67,32.5,73.0,73.6,70.6,Heavy_Traffic
EVT_00977,52.6,19,14,20.2,48,17.5,30.5,30.5,54.0,31.5,Pedestrian_Event
EVT_00978,23.7,6,22,30.6,15,19.15,30.2,45.8,37.2,43.5,Incident
EVT_00979,11.9,6,5,69.5,17,5.09,22.9,10.2,63.6,33.4,Free_Flow
EVT_00980,94.6,5,49,22.1,27,8.06,23.1,64.0,28.5,49.8,Heavy_Traffic
EVT_00981,56.3,19,28,23.5,42,7.71,31.5,55.3,64.7,71.2,Pedestrian_Event
EVT_00982,4.9,2,5,62.4,8,1.88,21.9,19.1,54.3,64.3,Low_Activity
EVT_00983,83.3,22,10,10.7,62,8.7,26.6,77.1,52.1,47.2,Incident
EVT_00984,61.5,11,31,18.3,81,16.56,27.7,54.1,58.2,55.8,Heavy_Traffic
EVT_00985,84.1,7,38,7.1,52,7.08,27.0,59.7,14.6,33.0,Incident
EVT_00986,70.9,20,44,37.9,9,6.88,19.4,50.8,75.6,53.9,Pedestrian_Event
EVT_00987,42.4,4,47,17.1,80,7.98,25.3,56.5,16.2,44.8,Heavy_Traffic
EVT_00988,1.0,0,6,23.2,15,22.75,21.4,1.7,53.1,24.9,Low_Activity
EVT_00989,67.9,4,10,18.6,91,13.81,34.5,75.2,89.1,36.8,Incident
EVT_00990,47.4,8,27,48.8,11,13.93,32.0,100.0,66.0,25.0,Low_Activity
EVT_00991,18.1,0,3,36.7,15,22.62,23.7,15.5,89.6,44.0,Low_Activity
EVT_00992,64.7,3,34,18.4,78,6.71,27.0,26.6,51.2,44.1,Heavy_Traffic
EVT_00993,34.0,5,21,8.8,55,23.27,19.1,40.8,53.2,45.7,Incident
EVT_00994,68.2,10,44,6.9,26,12.03,28.1,100.0,55.3,56.0,Incident
EVT_00995,28.5,0,4,39.3,29,4.99,17.5,28.3,53.1,31.0,Low_Activity
EVT_00996,13.9,3,4,5.8,14,13.47,34.5,76.7,28.8,45.8,Low_Activity
EVT_00997,31.3,2,23,52.1,19,23.48,26.0,9.8,31.4,68.6,Free_Flow
EVT_00998,55.5,1,21,30.2,24,5.61,18.8,23.0,51.3,34.3,Free_Flow
EVT_00999,50.6,21,29,48.1,43,17.34,25.4,40.6,44.7,50.1,Free_Flow
EVT_01000,53.7,1,24,10.4,40,19.17,31.4,34.4,30.1,58.9,Heavy_Traffic
EVT_01001,56.2,28,14,28.2,36,17.74,26.8,20.9,48.2,70.7,Pedestrian_Event
EVT_01002,66.1,4,33,39.0,43,23.26,22.7,22.7,48.1,31.1,Free_Flow
EVT_01003,20.7,4,26,44.9,49,20.29,30.6,8.7,47.9,18.4,Free_Flow
EVT_01004,36.4,23,12,0.0,18,13.76,30.9,86.4,9.3,40.7,Pedestrian_Event
EVT_01005,8.7,3,7,33.0,14,22.84,19.8,22.9,3.4,22.0,Low_Activity
EVT_01006,70.0,7,58,23.8,51,18.74,35.5,13.1,56.8,52.4,Heavy_Traffic
EVT_01007,27.3,2,26,48.7,34,20.56,27.7,22.6,53.6,53.5,Free_Flow
EVT_01008,12.1,0,2,42.7,29,4.2,17.7,29.3,64.3,51.6,Low_Activity
EVT_01009,31.0,21,0,25.7,61,7.98,23.8,43.9,58.3,22.0,Pedestrian_Event
EVT_01010,64.7,2,49,13.1,76,8.93,28.6,67.7,30.7,43.7,Heavy_Traffic
EVT_01011,24.5,3,7,39.5,14,23.51,25.7,20.9,37.2,43.2,Free_Flow
EVT_01012,29.9,26,23,23.3,22,15.3,26.8,64.5,38.3,63.5,Pedestrian_Event
EVT_01013,51.2,7,23,20.5,42,9.46,28.8,72.0,52.8,68.3,Heavy_Traffic
EVT_01014,56.6,4,24,42.9,22,10.7,25.0,94.3,80.9,28.3,Free_Flow
EVT_01015,56.8,3,17,50.5,41,5.64,19.4,24.8,54.9,33.5,Free_Flow
EVT_01016,19.5,10,21,3.7,51,12.21,29.6,83.9,,47.9,Incident
EVT_01017,76.1,2,43,11.8,31,9.79,27.8,72.4,57.2,39.4,Incident
EVT_01018,15.4,2,6,37.6,6,23.28,21.1,23.6,24.9,9.0,Low_Activity
EVT_01019,65.8,5,18,22.7,17,21.46,28.6,15.6,64.7,32.3,Pedestrian_Event
EVT_01020,67.0,7,3,14.3,68,14.83,27.5,74.5,77.6,80.4,Incident
EVT_01021,35.1,5,44,55.3,44,18.22,30.6,29.8,72.4,54.4,Free_Flow
EVT_01022,29.2,13,24,12.3,25,17.29,29.4,38.3,78.7,25.6,Pedestrian_Event
EVT_01023,10.3,6,2,83.1,6,15.14,32.9,59.3,40.2,41.0,Low_Activity
EVT_01024,75.5,3,11,15.2,58,7.71,21.3,56.5,29.9,50.2,Incident
EVT_01025,56.0,5,35,23.0,85,11.98,28.1,80.3,59.8,34.5,Heavy_Traffic
EVT_01026,25.9,4,0,38.8,0,7.21,26.8,54.4,45.6,45.3,Free_Flow
EVT_01027,61.3,3,42,15.4,64,1.22,19.7,12.3,48.1,,Incident
EVT_01028,73.6,4,26,30.2,74,8.54,25.7,66.9,46.0,53.5,Heavy_Traffic
EVT_01029,69.9,10,35,10.3,40,7.7,28.7,69.8,49.3,41.6,Heavy_Traffic
EVT_01030,65.9,6,38,41.7,43,9.18,28.6,96.2,40.0,3.1,Heavy_Traffic
EVT_01031,26.9,4,26,41.0,14,11.06,24.0,64.4,32.0,27.7,Free_Flow
EVT_01032,14.1,24,18,30.6,25,13.42,29.8,84.7,84.7,49.9,Pedestrian_Event
EVT_01033,70.6,6,28,38.9,107,9.72,25.4,80.7,17.6,56.4,Heavy_Traffic
EVT_01034,28.6,2,22,24.4,59,0.5,19.4,10.1,47.8,24.8,Incident
EVT_01035,38.6,4,23,59.3,37,10.98,28.0,85.6,55.2,45.6,Free_Flow
EVT_01036,9.9,36,9,17.5,14,7.1,24.7,46.3,30.6,65.7,Pedestrian_Event
EVT_01037,68.1,3,0,17.7,17,23.0,21.3,34.4,37.6,53.4,Incident
EVT_01038,10.7,0,6,39.7,0,23.58,17.4,6.3,80.0,76.8,Low_Activity
EVT_01039,59.3,9,45,6.6,93,18.61,21.0,21.2,57.0,62.6,Heavy_Traffic
EVT_01040,46.7,16,25,15.0,26,10.12,25.4,74.4,37.2,49.8,Pedestrian_Event
EVT_01041,55.5,7,44,26.4,40,8.81,22.8,63.9,37.2,32.3,Heavy_Traffic
EVT_01042,18.5,3,4,29.3,1,15.38,28.5,60.4,57.6,34.6,Low_Activity
EVT_01043,30.9,2,0,39.7,18,17.88,27.0,15.3,30.8,62.9,Free_Flow
EVT_01044,14.1,36,26,16.3,72,8.9,26.4,62.6,50.7,51.7,Pedestrian_Event
EVT_01045,41.8,1,31,28.6,52,11.91,27.3,69.3,13.5,47.2,Free_Flow
EVT_01046,12.3,13,4,13.0,33,16.42,29.7,50.2,58.4,47.5,Pedestrian_Event
EVT_01047,67.1,26,20,13.3,10,17.83,32.6,36.7,28.5,61.4,Pedestrian_Event
EVT_01048,87.7,3,17,7.2,81,13.7,31.4,83.7,29.6,22.9,Heavy_Traffic
EVT_01049,71.5,9,31,38.8,25,21.68,34.3,30.2,47.2,56.6,Pedestrian_Event
EVT_01050,33.3,2,30,19.8,70,23.5,19.0,16.1,63.0,45.4,Incident
EVT_01051,59.1,22,21,11.4,45,12.0,27.8,62.5,30.1,38.6,Pedestrian_Event
EVT_01052,79.3,2,39,24.1,48,10.85,25.8,82.5,65.9,40.4,Heavy_Traffic
EVT_01053,25.1,1,11,38.6,33,5.59,25.2,28.2,78.5,63.4,Free_Flow
EVT_01054,37.8,18,29,30.7,45,14.66,27.2,84.5,44.9,71.6,Pedestrian_Event
EVT_01055,67.9,12,35,13.5,79,8.59,28.4,49.8,79.8,33.2,Heavy_Traffic
EVT_01056,44.5,31,25,32.2,0,15.58,36.5,44.3,25.7,34.6,Pedestrian_Event
EVT_01057,10.6,1,7,61.8,14,15.73,37.1,61.4,35.8,59.9,Low_Activity
EVT_01058,68.1,8,40,4.3,17,8.86,24.3,61.3,84.8,29.4,Pedestrian_Event
EVT_01059,39.7,5,9,52.5,0,12.68,34.3,82.4,11.8,,Free_Flow
EVT_01060,42.5,3,22,41.8,19,15.03,29.4,56.1,0.0,68.9,Free_Flow
EVT_01061,0.0,0,5,40.9,3,22.34,22.8,30.4,70.6,41.3,Low_Activity
EVT_01062,42.7,4,36,7.1,50,18.63,26.1,22.7,93.3,58.7,Heavy_Traffic
EVT_01063,16.4,0,4,36.0,15,23.26,20.1,34.3,32.6,12.0,Low_Activity
EVT_01064,26.7,30,24,32.3,42,13.61,32.9,86.7,49.6,45.4,Pedestrian_Event
EVT_01065,90.7,2,29,6.4,68,21.55,32.0,2.3,66.4,42.8,Incident
EVT_01066,73.4,4,23,35.6,58,7.56,23.1,77.0,45.8,32.9,Heavy_Traffic
EVT_01067,17.7,0,4,36.8,0,22.72,26.5,26.7,42.6,26.0,Free_Flow
EVT_01068,43.8,15,25,20.0,63,12.64,31.8,71.3,49.5,33.2,Pedestrian_Event
EVT_01069,8.7,2,14,73.1,26,4.34,20.3,31.2,35.1,98.6,Low_Activity
EVT_01070,69.5,33,21,28.7,58,8.21,23.3,42.6,47.2,45.3,Pedestrian_Event
EVT_01071,29.2,6,26,19.2,9,14.68,34.2,60.8,51.4,46.9,Free_Flow
EVT_01072,33.3,28,9,24.0,36,18.19,28.8,30.0,83.9,38.0,Pedestrian_Event
EVT_01073,14.3,2,2,31.4,14,23.99,17.4,27.3,52.0,38.1,Low_Activity
EVT_01074,47.6,29,37,0.2,62,6.65,28.1,41.3,0.0,52.5,Pedestrian_Event
EVT_01075,17.9,1,12,41.6,24,23.31,23.6,33.0,49.3,36.3,Low_Activity
EVT_01076,50.1,4,43,2.7,70,15.71,32.1,77.3,40.5,20.0,Free_Flow
EVT_01077,59.5,20,25,38.7,18,10.92,26.6,95.8,61.7,40.2,Pedestrian_Event
EVT_01078,66.1,3,41,8.6,86,21.82,20.4,26.3,65.7,54.5,Heavy_Traffic
EVT_01079,35.0,3,11,59.0,21,19.19,28.6,33.5,65.9,38.6,Free_Flow
EVT_01080,66.9,8,13,9.5,63,9.61,23.3,69.1,,44.0,Heavy_Traffic
EVT_01081,86.0,4,25,18.7,17,0.53,23.5,21.2,4.8,43.3,Free_Flow
EVT_01082,26.6,15,20,15.7,23,9.36,27.8,71.0,41.7,53.3,Pedestrian_Event
EVT_01083,36.8,24,14,37.9,39,8.69,26.6,66.2,84.8,34.4,Pedestrian_Event
EVT_01084,30.5,8,14,55.1,36,10.05,27.1,96.2,28.2,27.1,Free_Flow
EVT_01085,46.2,26,25,32.9,54,8.14,22.0,69.7,45.0,49.7,Pedestrian_Event
EVT_01086,17.7,1,8,39.1,26,23.68,27.3,17.9,62.0,58.9,Low_Activity
EVT_01087,45.9,5,17,45.6,27,20.0,22.4,16.8,54.8,32.1,Free_Flow
EVT_01088,56.9,7,40,16.1,0,18.64,25.3,16.2,44.2,68.1,Heavy_Traffic
EVT_01089,46.9,2,20,10.3,55,12.14,24.5,80.3,44.2,53.7,Incident
EVT_01090,57.7,5,22,20.4,0,17.88,32.3,64.0,67.2,48.8,Incident
EVT_01091,25.2,17,10,33.8,41,18.32,26.3,23.1,42.7,35.4,Pedestrian_Event
EVT_01092,32.7,17,18,40.0,58,12.81,24.1,91.0,45.0,36.0,Pedestrian_Event
EVT_01093,48.8,43,30,26.3,32,7.82,25.1,45.9,53.8,61.8,Pedestrian_Event
EVT_01094,21.9,3,3,47.7,20,17.1,35.4,57.0,89.3,,Free_Flow
EVT_01095,20.7,0,5,20.4,14,23.02,20.9,37.3,63.5,65.6,Low_Activity
EVT_01096,80.2,5,3,20.5,23,11.84,31.3,80.4,72.8,52.3,Incident
EVT_01097,52.1,17,21,42.5,59,7.65,24.7,16.2,30.0,35.2,Pedestrian_Event
EVT_01098,39.4,22,29,32.4,58,8.7,27.5,78.9,44.1,58.9,Pedestrian_Event
EVT_01099,53.6,7,26,25.8,84,12.8,29.4,65.0,75.6,53.6,Heavy_Traffic
EVT_01100,22.2,4,21,54.6,35,20.95,24.7,30.5,45.2,40.2,Free_Flow
EVT_01101,52.6,18,11,25.2,58,18.02,33.8,18.0,52.8,56.4,Pedestrian_Event
EVT_01102,39.0,3,41,30.3,108,7.02,24.3,34.5,19.8,39.7,Heavy_Traffic
EVT_01103,75.1,10,61,10.1,91,18.9,31.1,14.9,56.9,22.7,Heavy_Traffic
EVT_01104,7.3,1,11,52.6,14,23.19,24.4,25.9,57.2,33.5,Low_Activity
EVT_01105,29.9,4,12,60.8,15,20.74,21.4,20.3,61.8,78.1,Free_Flow
EVT_01106,53.4,5,32,15.1,38,13.36,26.8,99.9,28.6,38.5,Incident
EVT_01107,68.8,12,48,16.2,41,17.97,25.0,38.7,40.8,5.9,Heavy_Traffic
EVT_01108,25.9,6,26,43.2,26,8.99,24.9,54.3,59.7,47.9,Free_Flow
EVT_01109,51.4,2,45,13.1,13,22.17,30.2,12.5,65.1,29.1,Incident
EVT_01110,51.3,15,3,2.2,37,15.89,27.6,58.4,41.2,66.0,Pedestrian_Event
EVT_01111,60.6,15,24,5.8,32,10.11,26.7,83.9,56.9,48.8,Pedestrian_Event
EVT_01112,19.1,4,16,44.2,0,9.6,30.4,94.2,61.1,,Free_Flow
EVT_01113,29.3,4,21,42.5,33,19.54,28.2,37.3,79.2,31.7,Free_Flow
EVT_01114,31.7,16,40,17.2,29,9.38,26.7,70.5,86.6,54.9,Pedestrian_Event
EVT_01115,3.7,15,49,11.2,8,12.09,25.7,92.5,6.6,59.2,Pedestrian_Event
EVT_01116,5.7,1,8,57.9,1,23.65,24.0,29.6,63.4,20.8,Low_Activity
EVT_01117,63.3,6,16,25.8,51,16.34,29.4,70.8,49.4,44.5,Heavy_Traffic
EVT_01118,13.5,0,4,58.2,15,2.78,23.0,0.1,68.4,26.5,Low_Activity
EVT_01119,80.7,4,44,28.5,35,8.69,23.1,81.9,12.6,51.8,Heavy_Traffic
EVT_01120,43.3,1,20,62.1,23,16.71,31.6,55.7,33.1,50.7,Free_Flow
EVT_01121,57.5,6,16,17.4,83,7.95,25.7,76.5,54.4,25.4,Heavy_Traffic
EVT_01122,39.0,5,44,0.0,10,7.3,25.4,45.6,36.5,51.6,Heavy_Traffic
EVT_01123,4.5,3,16,53.4,38,10.37,33.6,67.4,11.1,50.2,Free_Flow
EVT_01124,33.5,5,18,59.4,26,11.51,28.3,75.7,76.9,45.2,Low_Activity
EVT_01125,66.4,4,27,11.6,60,9.63,25.7,76.0,44.6,61.2,Heavy_Traffic
EVT_01126,96.0,25,18,13.7,47,14.07,33.2,71.0,46.1,38.0,Incident
EVT_01127,89.5,4,23,16.1,28,13.14,34.0,85.6,46.2,30.3,Heavy_Traffic
EVT_01128,27.4,28,0,11.4,27,14.37,31.7,77.6,43.1,46.0,Free_Flow
EVT_01129,26.8,2,23,63.6,20,9.18,25.6,76.0,59.2,41.4,Free_Flow
EVT_01130,62.4,11,36,23.6,38,15.83,35.7,79.4,35.1,48.9,Heavy_Traffic
EVT_01131,8.4,1,3,44.8,28,23.75,20.9,36.1,30.0,34.3,Free_Flow
EVT_01132,72.1,6,26,24.1,10,15.46,26.5,61.9,,26.5,Incident
EVT_01133,1.7,0,2,83.1,11,21.24,36.2,35.2,85.7,41.8,Low_Activity
EVT_01134,50.8,10,5,19.3,0,3.9,24.0,23.7,47.0,40.9,Incident
EVT_01135,65.3,10,38,7.4,25,16.25,32.7,61.4,44.4,36.6,Heavy_Traffic
EVT_01136,36.3,2,20,37.2,43,8.34,25.1,72.9,45.3,27.3,Free_Flow
EVT_01137,38.1,2,25,48.4,21,15.51,23.0,70.0,33.2,60.0,Free_Flow
EVT_01138,73.8,5,37,24.8,52,8.64,20.2,60.6,41.9,59.1,Heavy_Traffic
EVT_01139,50.5,7,29,35.6,29,21.75,22.4,12.4,52.2,37.4,Pedestrian_Event
EVT_01140,82.5,3,20,18.3,20,9.31,26.5,81.3,39.6,12.7,Heavy_Traffic
EVT_01141,27.6,0,7,51.3,20,22.73,24.8,19.0,31.9,31.0,Low_Activity
EVT_01142,50.9,9,49,13.1,11,7.13,21.8,41.1,45.0,77.2,Heavy_Traffic
EVT_01143,15.0,2,10,59.4,15,9.63,25.5,70.9,47.4,48.5,Low_Activity
EVT_01144,33.0,16,40,26.3,22,16.81,31.5,57.7,65.2,50.0,Free_Flow
EVT_01145,19.6,24,15,11.2,58,17.88,29.4,45.5,58.4,57.8,Pedestrian_Event
EVT_01146,72.5,24,35,25.7,54,8.24,24.4,51.8,44.3,34.2,Pedestrian_Event
EVT_01147,28.4,5,35,30.6,61,7.41,23.6,46.9,40.2,62.2,Heavy_Traffic
EVT_01148,43.5,10,35,5.5,48,4.21,23.0,9.0,,40.3,Incident
EVT_01149,9.1,2,7,30.5,18,4.39,20.3,17.0,59.7,61.9,Low_Activity
EVT_01150,3.3,0,7,33.3,34,1.43,20.1,41.2,88.4,39.7,Low_Activity
EVT_01151,51.4,19,1,31.2,46,14.12,34.8,62.2,70.5,60.9,Pedestrian_Event
EVT_01152,11.7,1,4,34.5,12,23.43,19.9,25.4,42.4,60.4,Low_Activity
EVT_01153,15.4,1,4,68.5,0,4.46,22.2,14.5,64.5,67.9,Low_Activity
EVT_01154,14.1,1,5,24.4,24,23.76,15.3,30.3,73.3,33.8,Low_Activity
EVT_01155,9.7,6,25,32.2,35,6.64,26.5,21.3,24.6,51.7,Free_Flow
EVT_01156,26.8,4,21,49.0,34,11.5,26.6,80.0,66.4,63.9,Free_Flow
EVT_01157,30.9,4,29,55.4,0,9.54,25.2,63.7,22.3,44.8,Free_Flow
EVT_01158,2.1,1,6,46.0,0,3.12,20.8,32.2,28.4,45.6,Low_Activity
EVT_01159,39.7,32,18,42.2,38,12.97,32.6,63.7,44.3,46.7,Pedestrian_Event
EVT_01160,3.6,2,3,54.1,9,22.57,17.7,21.6,62.9,59.8,Low_Activity
EVT_01161,36.7,2,2,36.3,31,8.34,23.0,61.9,59.6,39.5,Free_Flow
EVT_01162,67.7,6,43,14.8,88,20.21,22.8,2.8,69.6,49.8,Heavy_Traffic
EVT_01163,37.4,8,24,44.4,22,18.29,27.5,30.8,65.1,39.0,Free_Flow
EVT_01164,23.2,1,14,36.4,23,5.55,26.6,15.6,60.2,22.2,Free_Flow
EVT_01165,3.2,4,3,71.1,1,23.93,25.7,23.0,70.7,49.0,Low_Activity
EVT_01166,77.0,7,15,11.2,72,9.06,31.4,62.1,58.9,26.8,Heavy_Traffic
EVT_01167,35.5,5,23,54.9,0,17.66,33.7,31.7,61.6,50.1,Free_Flow
EVT_01168,83.3,4,25,23.1,56,10.11,32.3,67.5,41.7,42.5,Heavy_Traffic
EVT_01169,15.9,2,12,63.5,16,19.9,29.6,0.0,50.3,48.1,Low_Activity
EVT_01170,12.0,1,6,46.9,19,23.65,24.1,21.4,46.0,46.9,Low_Activity
EVT_01171,43.7,16,45,21.2,7,8.48,26.2,58.9,44.4,38.3,Heavy_Traffic
EVT_01172,80.8,5,50,31.6,68,10.26,27.8,84.7,2.2,26.6,Heavy_Traffic
EVT_01173,20.7,5,15,49.2,16,19.07,31.2,28.5,59.5,26.2,Free_Flow
EVT_01174,55.2,4,25,60.5,32,16.65,35.6,65.8,46.2,32.0,Pedestrian_Event
EVT_01175,43.4,5,19,7.1,66,14.41,29.1,70.2,42.3,58.8,Free_Flow
EVT_01176,21.9,20,17,44.7,32,16.71,27.7,43.0,33.4,22.5,Free_Flow
EVT_01177,19.3,3,18,40.4,36,6.11,24.6,29.2,3.4,41.1,Free_Flow
EVT_01178,2.5,0,6,46.1,9,23.44,19.7,6.2,50.6,36.9,Low_Activity
EVT_01179,68.0,4,28,3.2,94,6.7,20.8,43.3,66.6,44.0,Heavy_Traffic
EVT_01180,35.9,2,25,44.2,29,23.13,17.8,26.1,55.9,45.1,Free_Flow
EVT_01181,3.7,1,10,13.1,8,3.94,24.3,21.4,76.3,53.4,Low_Activity
EVT_01182,42.8,18,14,62.2,22,12.86,28.6,93.3,60.6,20.7,Free_Flow
EVT_01183,32.4,11,13,56.8,15,9.56,30.6,66.3,45.8,12.6,Free_Flow
EVT_01184,19.4,0,2,41.3,14,20.6,24.4,21.2,89.0,50.2,Low_Activity
EVT_01185,12.3,1,12,45.5,18,23.2,18.9,12.6,75.8,43.5,Low_Activity
EVT_01186,37.4,2,11,46.8,10,5.45,24.7,31.6,51.4,61.8,Free_Flow
EVT_01187,37.7,8,32,27.1,0,14.37,32.5,75.1,66.8,38.8,Heavy_Traffic
EVT_01188,27.0,3,3,71.8,19,5.06,23.8,25.7,33.0,23.3,Low_Activity
EVT_01189,30.3,3,14,41.2,7,20.64,24.4,33.2,40.7,36.8,Free_Flow
EVT_01190,30.0,2,4,37.5,0,14.05,31.7,61.0,11.0,32.2,Low_Activity
EVT_01191,32.7,27,19,37.0,3,14.16,33.4,66.9,77.4,27.4,Pedestrian_Event
EVT_01192,31.9,9,2,51.3,17,11.18,24.3,74.3,41.0,62.7,Low_Activity
EVT_01193,38.1,8,27,25.6,17,8.47,29.0,87.7,42.9,57.1,Heavy_Traffic
EVT_01194,59.7,10,45,11.9,33,17.62,25.8,33.3,53.8,53.5,Heavy_Traffic
EVT_01195,17.9,1,5,23.3,14,20.67,29.8,36.8,25.9,59.9,Low_Activity
EVT_01196,84.9,6,26,12.9,31,17.67,35.4,27.8,63.5,38.1,Heavy_Traffic
EVT_01197,5.2,5,7,32.1,12,15.69,32.1,59.3,46.6,42.7,Low_Activity
EVT_01198,48.0,5,0,31.1,74,19.89,27.6,41.7,59.2,25.2,Incident
EVT_01199,33.1,2,10,46.7,28,13.25,34.4,81.2,42.3,39.9,Free_Flow
EVT_01200,27.6,2,54,14.2,51,20.95,27.7,15.5,63.5,9.2,Heavy_Traffic
EVT_01201,59.5,1,2,9.0,18,22.3,23.7,12.5,49.0,38.6,Incident
EVT_01202,32.9,1,13,37.7,12,22.38,21.2,12.3,58.5,38.1,Free_Flow
EVT_01203,29.4,6,0,11.4,32,8.97,25.7,60.6,75.0,44.4,Pedestrian_Event
EVT_01204,45.7,1,16,40.0,4,9.02,27.7,50.7,,61.5,Free_Flow
EVT_01205,54.0,8,20,19.1,93,8.57,28.4,50.5,71.5,65.1,Heavy_Traffic
EVT_01206,41.6,6,30,11.0,49,6.67,23.1,35.7,49.1,34.0,Heavy_Traffic
EVT_01207,28.8,36,18,37.8,34,16.94,34.6,35.5,67.2,26.4,Pedestrian_Event
EVT_01208,15.1,1,2,70.5,0,1.37,24.5,23.1,65.3,26.4,Low_Activity
EVT_01209,23.1,1,3,41.2,10,6.03,19.2,44.6,23.4,68.8,Low_Activity
EVT_01210,54.3,5,16,13.8,7,1.42,17.3,13.7,46.2,23.9,Incident
EVT_01211,91.3,4,32,29.6,108,0.41,14.1,19.2,42.8,28.6,Incident
EVT_01212,45.1,5,6,26.0,40,20.12,30.2,9.6,80.1,50.0,Incident
EVT_01213,50.3,9,17,17.6,60,21.8,18.6,11.1,72.7,39.7,Pedestrian_Event
EVT_01214,46.4,20,13,19.6,29,14.32,29.4,82.3,16.4,59.5,Pedestrian_Event
EVT_01215,31.6,2,17,49.0,15,5.34,24.0,19.1,33.8,19.4,Free_Flow
EVT_01216,40.5,11,26,18.2,46,8.85,24.6,57.7,46.9,24.6,Heavy_Traffic
EVT_01217,30.9,3,12,35.7,29,12.86,28.2,83.9,52.8,55.3,Free_Flow
EVT_01218,93.0,4,30,13.1,69,8.94,29.0,61.7,49.8,18.8,Heavy_Traffic
EVT_01219,41.6,8,25,11.7,45,8.17,26.4,60.1,45.7,70.8,Incident
EVT_01220,40.1,5,23,39.3,0,19.66,27.5,12.1,27.1,34.5,Free_Flow
EVT_01221,58.3,9,38,14.4,106,18.37,28.9,33.7,67.4,68.1,Heavy_Traffic
EVT_01222,72.7,10,30,7.4,86,19.39,22.5,27.0,75.1,28.6,Heavy_Traffic
EVT_01223,39.6,7,24,13.2,66,16.77,29.9,67.9,80.8,29.3,Incident
EVT_01224,39.0,35,29,35.6,49,17.41,35.6,59.8,25.5,39.2,Pedestrian_Event
EVT_01225,40.1,6,24,58.1,9,17.84,33.1,19.5,16.6,19.0,Free_Flow
EVT_01226,20.7,3,9,27.5,28,13.05,26.7,60.1,52.8,40.4,Free_Flow
EVT_01227,15.7,0,3,60.3,8,20.88,28.3,20.9,42.5,,Low_Activity
EVT_01228,67.5,10,26,18.8,71,10.57,33.6,99.3,66.5,32.1,Heavy_Traffic
EVT_01229,22.6,3,27,43.4,34,9.15,31.7,69.1,63.8,30.6,Free_Flow
EVT_01230,40.2,1,10,59.7,33,21.24,25.4,9.3,47.8,48.7,Free_Flow
EVT_01231,16.1,0,3,28.6,29,23.08,19.0,13.6,45.3,24.8,Low_Activity
EVT_01232,48.4,4,54,10.1,14,16.46,32.2,50.8,21.5,69.1,Heavy_Traffic
EVT_01233,44.9,5,47,30.5,62,10.25,25.1,64.7,63.8,49.9,Heavy_Traffic
EVT_01234,41.3,5,11,47.7,21,15.43,32.8,65.7,74.1,46.2,Free_Flow
EVT_01235,18.5,2,15,50.8,31,13.99,26.6,91.6,36.8,69.2,Free_Flow
EVT_01236,19.9,2,32,13.2,58,3.62,22.1,18.3,18.7,72.0,Incident
EVT_01237,39.5,3,26,28.2,29,21.69,24.4,2.2,57.0,22.3,Incident
EVT_01238,74.7,6,30,16.5,117,19.45,31.2,21.0,25.7,87.2,Heavy_Traffic
EVT_01239,27.3,4,26,40.9,17,11.76,30.1,83.8,39.7,50.9,Free_Flow
EVT_01240,44.5,26,15,20.3,42,9.25,26.8,64.2,32.5,37.8,Pedestrian_Event
EVT_01241,61.6,7,35,18.1,45,6.92,18.3,34.4,67.8,64.4,Heavy_Traffic
EVT_01242,27.7,12,23,34.2,21,7.01,30.7,46.5,47.3,36.9,Free_Flow
EVT_01243,63.9,3,32,7.1,40,21.09,25.2,4.8,67.8,37.2,Heavy_Traffic
EVT_01244,45.7,5,9,52.7,24,15.98,28.4,55.1,28.6,61.0,Free_Flow
EVT_01245,87.3,6,46,14.6,97,9.47,21.6,52.0,51.2,29.8,Heavy_Traffic
EVT_01246,47.7,8,42,32.8,24,16.95,30.1,38.9,0.0,66.3,Heavy_Traffic
EVT_01247,87.4,9,40,24.7,38,11.04,22.3,71.9,75.4,66.1,Heavy_Traffic
EVT_01248,44.8,20,24,15.0,2,10.95,28.7,88.9,60.7,39.9,Pedestrian_Event
EVT_01249,38.8,1,8,21.9,37,5.08,23.0,12.9,53.6,35.8,Free_Flow
EVT_01250,27.5,26,9,33.3,21,19.11,28.7,21.0,11.9,49.5,Pedestrian_Event
EVT_01251,25.4,9,32,43.4,45,15.91,35.5,60.7,41.3,34.5,Pedestrian_Event
EVT_01252,7.3,2,10,47.3,10,7.34,25.5,26.0,67.9,37.4,Low_Activity
EVT_01253,42.0,8,14,41.5,36,10.0,25.1,63.9,67.5,35.4,Free_Flow
EVT_01254,25.2,14,17,26.7,16,9.32,21.6,79.8,74.8,,Pedestrian_Event
EVT_01255,41.1,8,52,15.8,74,17.73,30.3,37.0,16.6,74.7,Heavy_Traffic
EVT_01256,59.9,5,48,32.7,37,18.81,29.0,20.3,89.4,,Heavy_Traffic
EVT_01257,12.4,0,5,37.1,7,23.77,21.6,9.7,24.3,81.0,Low_Activity
EVT_01258,30.4,4,28,45.7,74,21.69,24.7,18.3,61.8,3.6,Free_Flow
EVT_01259,50.2,6,11,41.2,20,12.23,31.4,70.6,14.1,43.8,Free_Flow
EVT_01260,28.6,12,19,39.3,15,7.25,25.7,62.4,47.6,0.0,Free_Flow
EVT_01261,43.2,3,17,53.9,6,18.42,32.2,43.8,42.8,43.0,Free_Flow
EVT_01262,31.6,18,30,28.1,67,15.6,34.5,56.3,57.7,62.1,Heavy_Traffic
EVT_01263,28.1,4,6,43.2,40,13.66,26.1,55.8,100.0,10.4,Free_Flow
EVT_01264,38.6,8,25,9.1,27,11.48,30.6,87.6,54.3,63.3,Incident
EVT_01265,49.7,15,20,30.4,59,17.53,28.3,50.0,47.7,18.9,Pedestrian_Event
EVT_01266,13.6,2,3,60.7,6,1.65,19.2,21.5,81.6,57.5,Low_Activity
EVT_01267,13.7,3,6,29.7,17,3.71,19.4,6.9,86.5,31.5,Low_Activity
EVT_01268,35.8,48,16,26.5,31,11.66,33.9,76.7,45.0,43.8,Pedestrian_Event
EVT_01269,16.6,0,8,34.3,7,1.11,15.4,16.7,47.5,55.3,Low_Activity
EVT_01270,29.7,11,10,21.2,33,5.75,22.2,1.0,12.0,45.8,Free_Flow
EVT_01271,20.0,22,36,15.6,12,12.87,33.8,93.5,58.4,48.8,Pedestrian_Event
EVT_01272,34.6,3,23,38.9,10,20.9,22.1,20.0,56.0,30.6,Free_Flow
EVT_01273,13.7,6,9,59.0,7,13.81,33.8,76.5,97.5,57.8,Free_Flow
EVT_01274,49.0,1,32,26.6,35,15.54,35.5,63.5,62.1,60.4,Pedestrian_Event
EVT_01275,57.4,3,25,5.7,63,7.36,24.0,32.4,16.2,47.3,Heavy_Traffic
EVT_01276,29.1,5,20,43.9,52,20.02,31.0,1.5,53.3,45.7,Free_Flow
EVT_01277,19.8,2,16,37.2,23,6.35,19.4,16.9,78.6,30.8,Free_Flow
EVT_01278,53.5,6,11,42.7,31,13.06,34.5,60.7,100.0,61.6,Free_Flow
EVT_01279,31.9,4,7,38.9,11,15.69,37.9,69.3,48.5,42.8,Free_Flow
EVT_01280,60.3,21,14,11.2,48,10.63,27.6,81.3,86.2,34.9,Pedestrian_Event
EVT_01281,39.3,3,19,58.7,7,17.7,26.2,32.9,45.2,47.7,Free_Flow
EVT_01282,37.3,11,13,49.5,25,7.34,26.7,67.5,11.3,46.9,Free_Flow
EVT_01283,42.2,9,26,10.5,82,10.6,24.8,75.1,49.0,50.3,Incident
EVT_01284,61.0,30,28,34.9,30,12.8,31.9,71.9,60.5,29.9,Pedestrian_Event
EVT_01285,39.7,1,5,13.7,45,1.63,16.8,31.4,57.3,78.8,Incident
EVT_01286,67.2,3,34,7.3,79,18.22,29.9,37.0,35.9,55.8,Heavy_Traffic
EVT_01287,15.9,1,3,42.1,27,15.87,38.2,62.8,78.0,40.1,Low_Activity
EVT_01288,37.1,6,12,51.4,24,12.56,29.0,86.4,95.6,37.5,Free_Flow
EVT_01289,56.4,15,17,3.8,59,9.65,28.7,64.5,0.6,47.6,Pedestrian_Event
EVT_01290,61.3,1,20,37.0,37,14.18,26.3,75.3,67.2,50.2,Low_Activity
EVT_01291,7.9,1,6,30.6,12,21.67,22.4,33.5,72.4,52.1,Free_Flow
EVT_01292,75.2,8,39,18.4,32,14.31,31.6,75.9,86.8,45.7,Heavy_Traffic
EVT_01293,64.5,14,39,5.9,28,10.68,23.4,81.1,48.6,47.8,Heavy_Traffic
EVT_01294,31.0,1,4,48.9,10,11.49,36.3,76.0,45.9,35.4,Low_Activity
EVT_01295,50.1,3,45,10.4,80,13.65,30.2,82.7,20.7,72.6,Heavy_Traffic
EVT_01296,15.7,2,22,8.1,5,4.62,19.2,35.5,26.6,28.7,Low_Activity
EVT_01297,31.1,0,10,42.8,8,17.9,26.3,49.2,53.0,60.2,Free_Flow
EVT_01298,37.3,8,44,16.1,107,18.54,32.1,14.6,54.1,48.3,Heavy_Traffic
EVT_01299,52.5,2,0,19.9,64,4.41,21.0,21.5,33.0,48.2,Incident
EVT_01300,46.7,13,30,18.0,42,19.12,39.0,22.6,64.3,27.9,Free_Flow
EVT_01301,6.7,0,5,52.5,35,3.07,24.4,12.2,97.5,52.7,Free_Flow
EVT_01302,61.8,5,38,34.1,69,19.1,36.1,26.4,47.6,,Heavy_Traffic
EVT_01303,28.2,8,39,13.8,51,14.53,37.3,67.3,29.8,58.0,Incident
EVT_01304,11.6,1,8,30.4,17,14.22,32.2,64.7,60.5,57.6,Low_Activity
EVT_01305,27.4,8,29,43.4,30,11.33,30.2,67.1,23.9,42.3,Free_Flow
EVT_01306,0.0,0,4,35.2,14,11.71,24.8,77.3,64.8,,Free_Flow
EVT_01307,11.2,1,5,50.8,0,23.17,29.3,15.8,12.2,57.9,Low_Activity
EVT_01308,15.1,5,25,39.5,8,6.38,23.1,25.5,61.2,37.2,Free_Flow
EVT_01309,64.9,19,23,20.5,84,17.86,33.1,28.8,60.0,13.8,Heavy_Traffic
EVT_01310,21.0,19,10,48.0,40,17.71,30.5,23.4,28.1,59.0,Free_Flow
EVT_01311,25.6,3,25,37.9,19,22.76,25.9,5.5,39.1,64.6,Free_Flow
EVT_01312,63.5,26,31,28.1,31,13.53,33.1,81.0,12.7,21.0,Pedestrian_Event
EVT_01313,2.1,1,4,59.2,0,3.23,21.2,14.2,43.7,37.4,Low_Activity
EVT_01314,34.9,2,35,17.4,94,3.34,15.6,22.0,44.8,46.9,Incident
EVT_01315,34.1,5,26,43.9,27,12.82,34.4,71.1,30.5,44.1,Free_Flow
EVT_01316,13.2,1,6,34.2,6,23.35,20.3,0.0,99.3,38.6,Low_Activity
EVT_01317,45.8,2,28,10.7,57,23.09,30.2,28.4,26.2,22.1,Incident
EVT_01318,59.1,13,9,28.8,8,19.59,31.3,28.0,42.6,34.4,Pedestrian_Event
EVT_01319,21.7,15,14,46.6,15,14.26,35.2,81.1,55.5,38.8,Free_Flow
EVT_01320,14.0,0,4,50.3,18,22.89,21.4,11.8,47.1,40.7,Low_Activity
EVT_01321,69.3,7,30,17.2,10,8.22,29.8,40.5,36.5,47.2,Heavy_Traffic
EVT_01322,7.2,3,12,34.9,35,6.48,19.7,33.8,98.6,64.0,Free_Flow
EVT_01323,2.9,2,14,28.0,27,0.16,31.8,33.7,66.6,45.6,Low_Activity
EVT_01324,18.4,9,12,33.9,22,11.94,32.7,93.8,44.0,67.9,Free_Flow
EVT_01325,85.4,6,31,25.2,48,8.33,18.7,50.7,66.7,26.7,Heavy_Traffic
EVT_01326,44.0,5,12,9.0,50,4.95,20.4,17.4,74.6,31.0,Pedestrian_Event
EVT_01327,37.4,18,18,34.4,50,14.88,28.1,82.3,58.3,66.1,Pedestrian_Event
EVT_01328,68.3,7,9,43.1,39,6.5,24.0,25.6,64.2,63.0,Pedestrian_Event
EVT_01329,23.8,5,23,33.2,28,13.02,33.0,75.4,76.5,21.1,Free_Flow
EVT_01330,33.2,4,20,33.8,12,7.94,25.6,71.4,73.6,80.2,Free_Flow
EVT_01331,14.7,1,5,39.1,19,23.0,22.8,16.3,83.9,,Low_Activity
EVT_01332,26.7,14,18,37.6,40,20.08,29.6,12.5,67.2,74.8,Pedestrian_Event
EVT_01333,16.5,7,19,37.0,29,10.37,22.7,93.3,74.5,37.3,Free_Flow
EVT_01334,22.9,5,24,57.4,23,6.75,25.8,53.0,30.0,22.0,Free_Flow
EVT_01335,63.0,9,21,27.7,88,10.32,24.6,72.4,67.4,55.4,Incident
EVT_01336,12.5,0,8,36.4,20,2.68,14.7,28.8,51.1,65.4,Low_Activity
EVT_01337,50.7,4,15,55.6,9,16.24,24.3,74.0,42.5,43.7,Free_Flow
EVT_01338,60.4,42,23,33.0,46,16.81,27.6,44.8,66.8,18.2,Pedestrian_Event
EVT_01339,46.5,5,0,34.8,60,5.51,28.9,11.3,43.8,47.2,Pedestrian_Event
EVT_01340,38.6,1,12,64.6,21,20.62,23.6,23.0,59.6,40.9,Free_Flow
EVT_01341,67.3,7,43,13.7,70,18.4,24.4,10.7,17.9,73.6,Heavy_Traffic
EVT_01342,17.6,6,18,34.0,29,15.01,32.9,69.2,34.7,33.9,Free_Flow
EVT_01343,30.4,10,25,40.2,25,19.34,27.5,21.1,47.7,47.7,Free_Flow
EVT_01344,14.8,4,28,12.3,24,3.75,16.4,22.9,79.5,,Incident
EVT_01345,13.9,8,3,35.5,0,11.51,30.6,93.1,0.0,40.0,Low_Activity
EVT_01346,81.8,4,37,17.1,111,11.49,31.1,75.3,36.0,32.5,Incident
EVT_01347,24.6,0,2,41.6,18,22.96,23.6,42.9,51.1,25.7,Low_Activity
EVT_01348,19.7,1,4,55.7,33,1.79,25.3,22.5,32.2,60.6,Low_Activity
EVT_01349,30.8,6,12,38.3,24,5.06,16.9,27.3,27.8,17.4,Free_Flow
EVT_01350,54.6,29,14,26.9,37,7.99,23.4,47.1,55.4,38.8,Pedestrian_Event
EVT_01351,41.8,25,32,16.3,22,12.89,40.4,88.5,61.3,41.7,Pedestrian_Event
EVT_01352,47.7,3,37,9.7,15,16.82,33.2,55.2,30.4,64.9,Incident
EVT_01353,17.0,0,5,60.8,0,4.88,25.1,13.1,79.9,67.1,Low_Activity
EVT_01354,29.6,6,6,31.6,67,17.41,28.6,33.5,71.4,36.6,Pedestrian_Event
EVT_01355,21.6,1,4,62.5,23,21.19,24.8,41.6,64.8,49.1,Low_Activity
EVT_01356,12.4,1,2,37.4,0,14.34,31.1,64.1,44.2,54.6,Low_Activity
EVT_01357,41.3,4,29,15.5,16,19.35,29.3,40.4,49.2,20.7,Incident
EVT_01358,63.6,4,35,20.2,23,5.63,23.3,41.6,64.4,68.5,Incident
EVT_01359,0.0,1,12,63.1,10,5.41,29.0,13.0,55.4,44.0,Low_Activity
EVT_01360,88.1,8,51,6.8,59,14.85,27.3,58.5,77.0,45.4,Heavy_Traffic
EVT_01361,63.1,21,33,16.1,94,9.62,23.2,62.3,67.9,46.5,Heavy_Traffic
EVT_01362,69.3,5,27,26.5,59,15.86,34.7,60.6,53.1,56.1,Incident
EVT_01363,34.3,9,14,46.7,22,12.22,32.8,83.1,48.5,36.4,Free_Flow
EVT_01364,30.1,18,2,45.2,19,15.7,29.9,44.6,57.4,67.5,Free_Flow
EVT_01365,22.9,1,4,47.3,4,22.64,24.1,33.9,50.0,50.0,Low_Activity
EVT_01366,8.3,5,18,26.4,44,11.01,30.7,76.3,47.8,48.2,Free_Flow
EVT_01367,59.6,7,37,19.4,54,13.95,26.3,69.4,19.5,39.9,Heavy_Traffic
EVT_01368,31.3,8,10,31.6,12,13.16,28.3,76.0,31.9,65.4,Free_Flow
EVT_01369,2.4,3,8,27.8,28,15.93,25.2,61.6,58.0,69.7,Low_Activity
EVT_01370,51.8,13,25,18.5,26,19.32,31.5,31.4,23.2,54.2,Incident
EVT_01371,37.9,5,9,34.8,72,12.44,31.1,86.8,86.6,34.3,Free_Flow
EVT_01372,46.6,8,53,16.1,82,19.88,21.3,18.0,50.5,32.9,Heavy_Traffic
EVT_01373,68.7,10,12,25.8,29,16.79,23.9,61.7,65.1,15.0,Incident
EVT_01374,25.9,4,32,54.4,2,18.61,30.4,38.4,79.8,26.0,Free_Flow
EVT_01375,59.3,5,45,3.7,66,9.72,21.6,82.1,29.1,28.5,Heavy_Traffic
EVT_01376,45.6,13,32,29.7,0,13.1,31.5,74.0,30.5,37.6,Pedestrian_Event
EVT_01377,42.4,3,24,11.6,20,6.08,19.3,29.2,40.5,59.7,Incident
EVT_01378,33.3,23,14,17.1,46,13.94,31.4,93.4,27.4,41.2,Pedestrian_Event
EVT_01379,86.9,14,37,5.1,102,9.57,25.8,70.1,62.5,39.9,Heavy_Traffic
EVT_01380,76.2,17,43,1.2,73,18.74,33.4,33.1,48.9,60.3,Heavy_Traffic
EVT_01381,12.9,0,3,45.6,6,13.33,23.7,70.1,33.2,30.5,Low_Activity
EVT_01382,59.7,6,29,9.5,116,8.34,23.0,39.7,40.5,47.3,Heavy_Traffic
EVT_01383,31.3,22,22,49.2,0,12.59,22.2,78.5,40.2,30.1,Free_Flow
EVT_01384,61.5,4,42,10.4,54,21.55,22.0,36.1,66.7,33.3,Heavy_Traffic
EVT_01385,13.8,2,3,17.0,12,14.09,33.0,86.2,52.1,,Low_Activity
EVT_01386,59.5,10,29,18.6,48,11.48,25.9,77.6,48.2,65.8,Heavy_Traffic
EVT_01387,9.8,7,16,56.1,18,11.51,35.0,70.7,30.2,6.6,Free_Flow
EVT_01388,52.2,19,0,24.2,17,18.99,31.4,27.1,38.6,40.1,Pedestrian_Event
EVT_01389,73.0,8,46,11.0,106,8.44,24.7,70.5,40.2,37.7,Free_Flow
EVT_01390,49.5,32,32,25.4,31,19.26,27.5,16.6,45.4,45.4,Pedestrian_Event
EVT_01391,49.7,27,18,7.1,87,7.67,24.7,61.2,61.9,,Pedestrian_Event
EVT_01392,29.5,3,18,71.2,8,16.73,30.2,45.7,53.3,48.8,Heavy_Traffic
EVT_01393,53.7,3,21,13.8,64,6.05,22.8,27.0,46.1,21.3,Incident
EVT_01394,69.4,5,39,6.5,21,17.69,28.2,47.1,80.3,,Heavy_Traffic
EVT_01395,49.0,20,28,35.2,53,16.26,30.3,60.3,48.6,54.1,Heavy_Traffic
EVT_01396,0.0,1,3,45.0,30,0.78,15.5,6.0,60.2,47.7,Low_Activity
EVT_01397,5.6,0,4,56.8,14,1.1,24.0,7.5,36.8,48.2,Free_Flow
EVT_01398,78.2,6,43,10.8,83,7.89,22.1,39.9,43.9,55.2,Heavy_Traffic
EVT_01399,13.8,6,4,46.9,20,22.89,27.9,12.0,45.0,60.9,Free_Flow
EVT_01400,13.4,1,5,47.2,25,23.69,19.5,23.9,43.9,48.4,Low_Activity
EVT_01401,11.4,2,1,53.9,14,23.85,24.1,35.9,45.2,19.8,Low_Activity
EVT_01402,62.6,6,27,21.7,41,9.68,24.9,74.9,50.0,29.6,Heavy_Traffic
EVT_01403,51.7,10,9,15.4,29,21.49,23.4,20.2,0.0,36.1,Pedestrian_Event
EVT_01404,13.8,18,12,60.9,12,7.21,31.4,52.2,72.6,27.3,Free_Flow
EVT_01405,16.0,5,15,44.1,26,14.18,34.2,70.1,69.9,7.7,Low_Activity
EVT_01406,21.6,12,8,25.7,46,9.08,21.2,65.8,55.5,65.9,Pedestrian_Event
EVT_01407,43.7,14,18,53.5,38,12.74,25.0,82.5,50.6,67.8,Free_Flow
EVT_01408,13.2,1,8,67.7,0,0.1,21.8,23.7,40.2,73.8,Free_Flow
EVT_01409,76.6,7,60,27.0,17,18.4,31.8,23.2,67.5,69.1,Heavy_Traffic
EVT_01410,32.4,6,10,39.9,14,19.98,26.9,18.7,82.5,51.2,Free_Flow
EVT_01411,43.5,20,3,54.3,14,14.72,27.9,63.3,67.4,33.6,Free_Flow
EVT_01412,38.0,20,22,0.0,19,16.77,31.6,56.5,98.8,43.8,Pedestrian_Event
EVT_01413,94.9,3,40,16.5,6,8.77,27.2,57.6,75.7,29.1,Heavy_Traffic
EVT_01414,17.3,1,14,34.3,0,4.91,24.7,34.8,60.8,57.6,Low_Activity
EVT_01415,6.4,0,6,22.0,3,2.26,19.1,31.2,55.1,59.1,Low_Activity
EVT_01416,42.1,30,28,33.2,5,16.49,34.6,42.3,46.3,19.9,Pedestrian_Event
EVT_01417,43.6,5,56,7.1,92,18.67,30.2,30.4,66.3,52.1,Heavy_Traffic
EVT_01418,58.2,6,23,19.2,0,16.87,25.3,48.8,66.0,40.0,Heavy_Traffic
EVT_01419,19.5,8,34,33.7,76,14.09,33.6,80.1,43.7,52.5,Incident
EVT_01420,48.6,9,7,17.4,71,20.24,30.6,21.9,63.5,60.0,Incident
EVT_01421,48.5,6,8,12.2,21,17.93,30.3,43.3,36.9,37.9,Incident
EVT_01422,12.4,2,3,61.2,23,22.76,18.4,22.3,39.7,52.3,Low_Activity
EVT_01423,26.4,30,17,10.0,8,7.59,21.6,52.5,56.0,34.3,Pedestrian_Event
EVT_01424,72.5,6,22,18.3,41,6.96,21.0,47.6,55.3,70.0,Heavy_Traffic
EVT_01425,60.2,8,27,13.6,44,17.31,28.1,29.5,41.8,70.1,Heavy_Traffic
EVT_01426,66.5,12,37,37.3,65,11.11,22.3,81.6,41.6,40.2,Incident
EVT_01427,22.0,9,28,1.0,48,16.82,29.7,55.7,47.8,58.7,Incident
EVT_01428,58.6,21,1,40.6,50,7.7,26.1,53.3,26.0,56.4,Pedestrian_Event
EVT_01429,32.4,24,3,22.7,48,17.22,30.3,43.0,75.1,68.0,Pedestrian_Event
EVT_01430,42.0,6,44,6.5,43,8.14,18.5,57.3,12.9,33.0,Heavy_Traffic
EVT_01431,39.2,9,17,26.4,76,8.8,19.7,85.1,49.0,42.6,Pedestrian_Event
EVT_01432,12.3,1,2,34.8,10,5.34,17.7,36.1,74.7,42.7,Low_Activity
EVT_01433,13.0,14,21,25.0,87,9.57,26.8,70.7,83.4,59.0,Pedestrian_Event
EVT_01434,31.9,2,52,49.8,29,11.6,34.0,89.8,27.2,34.9,Free_Flow
EVT_01435,27.3,9,15,43.8,28,11.73,28.8,73.7,51.5,43.9,Free_Flow
EVT_01436,11.1,12,11,54.5,14,5.12,19.1,9.7,70.4,50.8,Free_Flow
EVT_01437,22.9,7,29,39.8,35,20.98,21.8,24.6,84.3,35.1,Free_Flow
EVT_01438,12.9,1,5,14.3,13,4.09,24.4,13.2,40.3,57.1,Free_Flow
EVT_01439,25.8,5,48,0.0,20,5.28,17.2,20.2,36.8,71.8,Incident
EVT_01440,29.5,23,20,34.3,41,6.6,29.1,23.0,50.0,14.6,Pedestrian_Event
EVT_01441,35.9,9,26,43.8,2,14.69,29.7,58.5,59.2,58.1,Free_Flow
EVT_01442,58.2,4,26,7.5,58,6.48,21.5,42.1,54.6,59.0,Incident
EVT_01443,82.1,2,34,0.0,80,21.87,23.9,13.1,54.8,42.0,Heavy_Traffic
EVT_01444,11.3,28,20,24.2,23,20.31,26.0,18.1,63.2,51.4,Heavy_Traffic
EVT_01445,63.7,8,37,18.7,77,14.77,34.6,54.4,42.1,57.3,Incident
EVT_01446,6.4,2,5,34.6,11,7.21,30.0,41.3,71.1,47.5,Low_Activity
EVT_01447,57.2,16,21,38.4,51,13.3,30.3,81.6,30.7,30.6,Pedestrian_Event
EVT_01448,37.6,2,17,32.6,68,8.53,25.5,71.5,43.8,27.2,Pedestrian_Event
EVT_01449,57.2,4,42,14.4,57,18.44,34.6,36.9,29.6,43.8,Heavy_Traffic
EVT_01450,78.1,5,9,4.1,53,4.01,20.5,17.7,47.8,34.8,Incident
EVT_01451,21.8,7,5,60.1,0,19.88,23.1,10.2,52.5,39.0,Pedestrian_Event
EVT_01452,15.5,1,7,19.9,2,4.59,26.2,5.4,54.3,52.0,Low_Activity
EVT_01453,26.1,3,23,37.3,2,5.17,18.7,15.2,72.3,54.8,Free_Flow
EVT_01454,34.2,2,21,22.3,18,13.09,33.0,83.1,34.9,72.7,Free_Flow
EVT_01455,36.1,30,27,27.4,29,13.24,31.2,70.5,73.6,39.1,Pedestrian_Event
EVT_01456,75.3,5,34,31.7,65,8.83,27.9,67.5,79.9,25.1,Heavy_Traffic
EVT_01457,59.1,7,30,8.6,87,11.92,32.9,81.9,20.9,48.2,Heavy_Traffic
EVT_01458,41.2,8,39,14.9,14,8.46,23.1,66.4,80.4,53.9,Incident
EVT_01459,30.5,3,27,34.9,28,6.13,27.0,17.9,81.5,33.1,Free_Flow
EVT_01460,46.4,7,36,15.7,0,13.95,28.7,82.5,27.1,41.7,Incident
EVT_01461,51.2,6,29,28.3,120,10.84,27.7,74.8,31.3,49.1,Heavy_Traffic
EVT_01462,17.3,7,2,70.1,9,3.76,19.6,17.1,0.0,67.5,Low_Activity
EVT_01463,44.1,1,17,51.6,27,21.82,24.2,49.8,32.7,31.8,Free_Flow
EVT_01464,51.7,7,20,1.6,30,17.34,32.8,63.2,52.2,40.8,Incident
EVT_01465,61.8,1,32,18.7,38,4.78,14.2,33.9,40.0,43.2,Incident
EVT_01466,63.2,7,27,21.9,68,9.53,29.9,58.2,52.9,69.8,Heavy_Traffic
EVT_01467,20.6,3,23,40.6,21,10.31,28.0,72.4,57.3,13.7,Free_Flow
EVT_01468,52.7,16,41,16.9,17,15.34,32.9,74.2,34.0,48.5,Heavy_Traffic
EVT_01469,9.3,1,2,36.8,13,22.74,20.6,16.0,49.2,48.8,Low_Activity
EVT_01470,61.1,4,42,14.3,24,7.17,22.5,35.5,9.6,37.7,Heavy_Traffic
EVT_01471,35.7,7,21,44.4,38,6.57,24.8,38.3,50.2,38.2,Free_Flow
EVT_01472,50.6,11,0,34.8,55,17.33,27.3,53.9,67.2,47.7,Pedestrian_Event
EVT_01473,74.5,19,36,22.3,112,8.86,31.0,57.7,35.0,45.8,Heavy_Traffic
EVT_01474,4.6,1,8,45.8,24,23.38,21.9,32.6,76.1,53.4,Low_Activity
EVT_01475,21.0,20,4,15.8,25,11.9,34.5,100.0,39.6,38.8,Pedestrian_Event
EVT_01476,42.1,6,6,41.2,1,12.55,35.3,55.6,59.4,40.2,Free_Flow
EVT_01477,18.4,4,8,52.0,33,14.42,32.5,82.1,62.6,72.1,Free_Flow
EVT_01478,13.0,1,11,37.6,18,22.24,20.4,26.5,56.2,37.9,Free_Flow
EVT_01479,34.8,7,37,11.2,4,9.94,23.8,46.2,10.2,48.4,Incident
EVT_01480,29.5,3,0,5.8,68,5.03,25.1,30.5,91.6,28.7,Incident
EVT_01481,50.3,26,28,40.3,32,16.86,29.5,40.6,31.0,48.7,Free_Flow
EVT_01482,53.8,21,18,11.4,78,16.76,25.5,47.9,55.2,38.5,Free_Flow
EVT_01483,39.9,13,23,31.6,44,17.64,25.7,37.2,43.3,48.5,Pedestrian_Event
EVT_01484,31.8,19,10,30.4,49,6.89,23.5,49.0,32.5,37.7,Pedestrian_Event
EVT_01485,4.7,2,18,68.7,12,4.55,22.6,23.4,0.0,47.5,Low_Activity
EVT_01486,17.5,2,0,47.8,17,22.05,26.7,6.1,64.4,28.3,Free_Flow
EVT_01487,43.8,24,39,24.6,14,9.47,21.0,74.7,33.2,61.5,Pedestrian_Event
EVT_01488,56.4,6,22,63.2,39,20.33,30.2,13.1,68.8,17.7,Free_Flow
EVT_01489,49.0,13,45,29.5,90,9.26,29.4,68.1,44.0,53.7,Heavy_Traffic
EVT_01490,70.3,8,26,27.7,10,8.59,24.0,73.7,65.0,44.6,Heavy_Traffic
EVT_01491,38.8,15,23,47.9,31,19.07,25.9,24.2,63.9,67.4,Low_Activity
EVT_01492,0.2,1,2,49.1,27,23.63,24.7,25.7,23.1,36.7,Low_Activity
EVT_01493,28.3,23,30,23.9,48,15.16,33.6,81.7,53.4,63.0,Free_Flow
EVT_01494,38.0,17,17,35.6,50,16.77,31.3,46.4,80.9,41.5,Pedestrian_Event
EVT_01495,50.8,28,36,39.9,30,15.16,33.4,53.2,63.4,34.7,Pedestrian_Event
EVT_01496,38.6,5,23,53.3,24,6.5,31.4,35.6,58.7,55.9,Free_Flow
EVT_01497,71.0,5,56,17.3,58,18.67,27.8,16.8,38.1,48.9,Heavy_Traffic
EVT_01498,31.5,3,13,35.5,38,16.06,35.7,50.1,13.1,59.1,Free_Flow
EVT_01499,14.9,1,3,60.0,30,0.29,21.5,18.4,80.4,33.6,Low_Activity
EVT_01500,18.5,13,14,58.7,17,20.34,23.1,12.9,33.2,46.5,Free_Flow
EVT_01501,10.8,1,3,26.0,13,1.46,18.1,15.1,5.7,46.6,Low_Activity
EVT_01502,16.2,5,7,51.6,19,18.75,32.8,10.2,29.0,67.5,Low_Activity
EVT_01503,26.7,2,16,0.0,33,23.35,26.2,20.5,16.9,26.3,Incident
EVT_01504,72.5,14,32,11.2,38,6.28,27.6,21.7,41.4,49.5,Heavy_Traffic
EVT_01505,49.5,9,24,20.4,60,16.09,35.0,53.0,95.9,73.9,Heavy_Traffic
EVT_01506,28.0,4,11,36.3,24,14.3,32.0,79.9,54.9,55.7,Free_Flow
EVT_01507,60.5,14,27,12.7,60,18.08,32.4,26.9,41.5,37.4,Pedestrian_Event
EVT_01508,40.0,1,22,35.8,33,5.84,21.5,7.0,73.4,55.2,Pedestrian_Event
EVT_01509,33.3,5,15,39.2,27,11.41,26.1,90.0,64.4,58.0,Free_Flow
EVT_01510,74.2,10,24,25.6,82,6.55,24.5,36.2,30.5,28.9,Incident
EVT_01511,77.5,8,30,13.5,51,14.74,26.9,93.5,42.7,37.6,Heavy_Traffic
EVT_01512,39.2,29,27,19.6,28,14.76,28.5,52.7,25.0,24.9,Pedestrian_Event
EVT_01513,55.9,3,25,41.2,12,21.38,24.7,19.6,66.2,21.5,Free_Flow
EVT_01514,52.3,9,17,37.9,22,18.13,29.4,43.7,19.6,42.6,Heavy_Traffic
EVT_01515,50.5,19,23,30.1,22,15.38,28.3,62.0,67.7,56.0,Pedestrian_Event
EVT_01516,15.3,3,28,19.2,22,23.0,21.6,26.4,13.8,21.7,Free_Flow
EVT_01517,48.5,22,15,40.1,21,13.74,31.5,80.2,16.7,34.2,Pedestrian_Event
EVT_01518,47.1,8,19,8.2,73,15.89,30.5,66.0,39.0,37.3,Free_Flow
EVT_01519,65.1,6,30,14.1,17,9.15,23.5,63.8,67.9,72.4,Heavy_Traffic
EVT_01520,80.0,10,39,21.0,49,18.38,36.9,51.7,13.9,45.9,Heavy_Traffic
EVT_01521,33.7,28,24,33.1,32,13.9,30.3,61.5,33.0,29.7,Pedestrian_Event
EVT_01522,50.4,4,11,18.0,23,9.95,31.0,60.7,52.4,48.6,Incident
EVT_01523,52.3,4,12,38.6,24,22.62,18.5,13.2,62.7,51.0,Free_Flow
EVT_01524,34.1,29,24,25.4,33,12.79,28.8,86.7,81.0,50.3,Heavy_Traffic
EVT_01525,23.1,3,31,29.8,24,21.74,28.0,35.8,53.3,46.1,Free_Flow
EVT_01526,66.6,4,33,15.9,58,6.45,19.4,21.7,47.0,46.4,Heavy_Traffic
EVT_01527,52.8,26,25,29.6,83,9.85,25.3,86.8,66.2,35.7,Pedestrian_Event
EVT_01528,67.0,11,18,7.6,80,18.08,31.2,34.7,52.2,59.8,Heavy_Traffic
EVT_01529,16.7,1,3,39.8,3,23.32,26.1,11.3,56.4,40.6,Low_Activity
EVT_01530,11.1,1,5,46.8,27,2.04,24.1,21.0,47.0,47.8,Low_Activity
EVT_01531,62.5,6,44,11.5,65,19.21,24.2,10.2,24.9,83.3,Heavy_Traffic
EVT_01532,15.6,1,3,48.3,0,0.43,24.1,5.9,38.2,10.9,Low_Activity
EVT_01533,41.0,30,14,23.5,54,16.88,25.0,51.8,35.6,46.6,Pedestrian_Event
EVT_01534,47.7,31,22,9.4,0,14.9,32.2,78.7,82.8,51.7,Pedestrian_Event
EVT_01535,16.6,1,5,31.9,4,23.22,23.1,22.8,43.3,45.5,Free_Flow
EVT_01536,27.5,3,22,44.5,27,17.42,32.4,64.0,42.8,51.6,Free_Flow
EVT_01537,38.8,20,28,6.3,42,13.11,31.6,100.0,57.7,35.6,Pedestrian_Event
EVT_01538,55.2,3,40,0.0,72,16.73,31.2,42.7,39.2,29.8,Heavy_Traffic
EVT_01539,9.7,9,2,37.3,44,11.85,27.9,78.2,70.8,52.5,Pedestrian_Event
EVT_01540,26.9,4,22,39.3,17,19.66,29.8,21.5,48.3,44.9,Free_Flow
EVT_01541,50.9,35,7,20.0,36,18.18,24.2,18.2,47.8,41.7,Pedestrian_Event
EVT_01542,8.3,8,2,26.6,23,11.95,28.9,63.7,,24.4,Free_Flow
EVT_01543,48.5,7,23,16.9,84,18.14,27.1,44.9,42.4,72.1,Incident
EVT_01544,2.2,5,18,42.6,27,20.48,28.9,27.3,9.0,49.7,Free_Flow
EVT_01545,61.3,4,50,27.9,64,17.92,23.9,26.7,38.9,43.8,Heavy_Traffic
EVT_01546,19.0,2,20,50.2,20,5.62,24.1,16.4,44.0,50.1,Free_Flow
EVT_01547,70.0,5,44,22.6,47,19.82,24.0,46.0,53.9,26.8,Heavy_Traffic
EVT_01548,8.4,1,9,44.2,11,23.9,17.3,8.8,43.8,67.7,Low_Activity
EVT_01549,27.2,2,6,48.2,28,5.49,14.3,13.2,72.7,39.2,Free_Flow
EVT_01550,73.9,3,38,12.1,66,6.01,22.3,27.4,47.2,8.3,Heavy_Traffic
EVT_01551,37.9,4,47,30.5,3,3.0,22.7,22.4,79.0,55.8,Incident
EVT_01552,31.5,9,7,15.2,57,15.82,34.3,78.2,77.0,28.5,Incident
EVT_01553,17.0,1,4,68.0,23,14.03,31.9,67.5,17.8,46.9,Low_Activity
EVT_01554,43.6,11,22,27.0,64,7.03,27.4,48.5,51.2,44.0,Pedestrian_Event
EVT_01555,87.6,8,31,24.9,40,9.02,24.5,72.7,20.3,54.4,Heavy_Traffic
EVT_01556,32.7,21,31,23.1,41,16.37,28.7,27.9,56.7,65.8,Pedestrian_Event
EVT_01557,38.3,17,32,33.5,31,17.25,31.3,25.7,66.7,74.2,Pedestrian_Event
EVT_01558,31.4,7,14,46.0,31,10.33,31.2,66.5,22.1,40.1,Free_Flow
EVT_01559,30.8,4,13,7.7,28,6.18,22.7,42.9,0.0,48.6,Pedestrian_Event
EVT_01560,20.2,5,0,34.6,19,15.7,30.2,64.3,58.5,55.3,Free_Flow
EVT_01561,54.4,11,20,28.7,42,7.3,25.9,36.9,23.4,40.2,Pedestrian_Event
EVT_01562,67.9,7,35,14.6,17,8.52,26.6,57.4,46.9,27.3,Incident
EVT_01563,28.8,6,6,57.5,36,10.45,34.9,71.5,4.2,59.1,Free_Flow
EVT_01564,31.7,18,20,9.8,55,8.03,27.2,45.2,41.5,73.0,Pedestrian_Event
EVT_01565,25.9,20,19,15.3,62,13.32,31.8,99.9,36.3,39.8,Pedestrian_Event
EVT_01566,47.8,4,18,41.6,4,19.86,32.9,4.7,97.4,58.8,Free_Flow
EVT_01567,81.8,7,37,16.9,59,17.65,29.4,45.5,9.6,49.6,Heavy_Traffic
EVT_01568,40.3,23,33,10.3,61,12.22,29.9,82.9,,57.5,Pedestrian_Event
EVT_01569,70.6,8,23,17.4,75,16.99,26.4,23.8,41.5,65.6,Heavy_Traffic
EVT_01570,36.9,4,11,42.7,5,14.66,31.8,74.8,77.3,67.3,Free_Flow
EVT_01571,11.0,1,6,47.2,20,2.64,14.4,16.4,57.8,40.1,Low_Activity
EVT_01572,46.8,9,26,48.2,4,12.98,27.9,69.3,,53.5,Free_Flow
EVT_01573,44.2,6,41,12.0,96,7.25,24.8,54.0,10.4,27.2,Heavy_Traffic
EVT_01574,5.9,2,6,33.9,12,2.27,12.1,0.0,75.7,37.1,Low_Activity
EVT_01575,80.4,7,32,14.9,38,9.24,23.2,50.7,99.3,25.0,Incident
EVT_01576,10.1,1,4,54.8,5,23.92,26.6,26.5,55.4,,Low_Activity
EVT_01577,22.6,15,17,10.2,33,13.32,30.1,71.7,46.9,63.5,Pedestrian_Event
EVT_01578,20.3,1,6,51.9,35,22.75,21.1,14.3,61.1,49.5,Low_Activity
EVT_01579,75.1,5,30,20.6,54,7.98,25.6,45.4,36.1,64.5,Free_Flow
EVT_01580,68.2,31,0,29.6,43,17.3,32.9,44.6,59.9,28.1,Pedestrian_Event
EVT_01581,27.6,1,2,17.1,19,3.14,19.2,11.7,53.5,23.9,Low_Activity
EVT_01582,42.4,11,23,16.3,66,17.09,33.5,44.2,64.6,27.7,Heavy_Traffic
EVT_01583,44.4,3,7,15.2,82,23.17,20.8,25.4,71.6,38.1,Incident
EVT_01584,78.6,6,43,9.0,115,7.9,23.8,40.4,94.3,34.2,Heavy_Traffic
EVT_01585,19.8,3,8,26.9,13,5.02,18.2,23.1,89.0,58.0,Free_Flow
EVT_01586,33.5,18,40,14.6,32,13.72,32.8,84.5,37.4,49.0,Pedestrian_Event
EVT_01587,34.0,1,26,50.4,30,5.65,20.4,17.5,51.9,33.6,Free_Flow
EVT_01588,54.4,10,39,23.6,31,9.07,25.4,58.8,48.6,56.5,Heavy_Traffic
EVT_01589,49.0,7,32,36.3,57,21.13,27.6,37.0,0.0,66.9,Pedestrian_Event
EVT_01590,17.0,0,2,57.4,10,0.84,15.1,0.0,62.0,43.3,Low_Activity
EVT_01591,13.3,0,6,65.4,3,16.47,34.2,67.5,81.5,29.9,Low_Activity
EVT_01592,61.6,6,19,14.4,63,4.09,18.6,12.6,55.2,33.5,Incident
EVT_01593,47.4,8,43,14.1,56,17.92,26.3,36.1,65.5,34.9,Heavy_Traffic
EVT_01594,55.7,2,6,29.1,0,21.95,24.7,7.8,47.0,30.4,Incident
EVT_01595,60.1,28,36,37.5,31,16.99,28.2,46.9,18.9,63.8,Pedestrian_Event
EVT_01596,40.6,2,18,39.5,23,12.91,30.3,82.7,31.3,44.9,Free_Flow
EVT_01597,86.1,1,54,16.7,53,18.63,32.5,18.8,53.1,29.7,Heavy_Traffic
EVT_01598,21.1,15,14,29.1,5,15.93,31.6,73.4,52.8,5.0,Pedestrian_Event
EVT_01599,5.9,17,31,21.0,31,18.82,29.6,16.8,60.9,54.6,Pedestrian_Event
EVT_01600,27.3,5,15,61.0,38,12.3,27.7,100.0,47.1,51.3,Free_Flow
EVT_01601,40.0,15,19,20.2,67,8.77,21.1,60.8,60.6,34.5,Pedestrian_Event
EVT_01602,15.6,4,22,16.4,65,5.12,27.2,35.1,77.1,44.9,Incident
EVT_01603,74.7,3,35,12.5,72,23.14,20.1,1.1,39.6,58.8,Incident
EVT_01604,37.7,25,0,1.3,61,14.44,34.1,80.6,39.6,46.1,Pedestrian_Event
EVT_01605,52.7,20,16,0.0,23,16.16,29.5,70.2,56.1,16.1,Pedestrian_Event
EVT_01606,73.8,5,28,18.7,58,18.05,22.8,39.2,35.7,51.8,Heavy_Traffic
EVT_01607,48.0,6,14,25.5,43,12.2,26.0,76.2,61.3,35.1,Incident
EVT_01608,43.5,19,45,29.0,49,7.33,17.4,30.2,64.9,33.3,Pedestrian_Event
EVT_01609,81.5,9,35,0.0,53,8.22,24.3,44.1,38.2,39.1,Heavy_Traffic
EVT_01610,30.2,3,19,46.2,3,21.68,24.9,1.6,26.7,5.7,Free_Flow
EVT_01611,24.4,1,20,6.7,24,5.51,18.4,16.6,10.0,57.3,Free_Flow
EVT_01612,57.7,4,8,12.8,52,5.7,18.2,21.3,53.2,54.6,Incident
EVT_01613,47.7,3,23,29.4,79,10.5,23.3,69.6,39.4,33.1,Incident
EVT_01614,59.5,8,27,40.2,11,16.29,35.7,57.0,28.8,64.2,Free_Flow
EVT_01615,26.8,2,22,37.1,23,6.14,23.0,20.5,50.0,17.3,Free_Flow
EVT_01616,21.5,2,12,49.1,21,10.44,25.7,97.2,21.0,49.9,Low_Activity
EVT_01617,5.2,0,5,55.6,10,1.19,24.8,28.8,47.0,78.1,Low_Activity
EVT_01618,51.6,4,43,14.8,51,17.24,25.5,64.4,7.1,73.8,Heavy_Traffic
EVT_01619,62.9,5,32,34.1,64,16.16,28.0,53.0,58.5,75.7,Heavy_Traffic
EVT_01620,9.0,1,3,78.0,22,23.73,19.6,23.2,16.1,48.2,Low_Activity
EVT_01621,53.9,5,48,16.2,101,17.64,28.9,27.1,44.3,31.8,Heavy_Traffic
EVT_01622,45.3,9,25,17.8,23,10.32,23.8,81.6,76.6,39.2,Pedestrian_Event
EVT_01623,17.3,6,19,51.8,0,15.79,28.5,71.0,81.1,60.9,Free_Flow
EVT_01624,40.1,21,9,14.5,53,12.88,31.7,83.5,81.2,44.1,Pedestrian_Event
EVT_01625,81.5,11,49,27.0,85,6.97,26.4,61.5,76.7,60.4,Heavy_Traffic
EVT_01626,73.5,1,42,9.6,40,8.76,18.6,46.5,46.2,33.0,Heavy_Traffic
EVT_01627,60.1,7,27,10.9,47,9.0,25.4,72.7,84.8,12.9,Heavy_Traffic
EVT_01628,64.3,27,13,22.0,61,13.92,31.4,63.9,54.2,62.4,Pedestrian_Event
EVT_01629,5.6,1,5,52.2,0,4.93,23.9,6.0,61.3,54.9,Low_Activity
EVT_01630,24.5,34,0,29.6,58,13.48,32.0,53.4,50.2,37.4,Pedestrian_Event
EVT_01631,31.8,1,31,18.2,79,21.5,19.0,20.7,35.7,50.2,Heavy_Traffic
EVT_01632,9.6,0,3,76.3,16,23.65,16.4,32.4,32.8,38.0,Low_Activity
EVT_01633,30.0,13,31,39.9,44,12.73,31.7,79.2,21.4,37.4,Pedestrian_Event
EVT_01634,18.9,3,2,42.2,0,19.56,24.9,34.0,71.5,,Low_Activity
EVT_01635,51.8,2,22,21.2,34,4.82,20.8,21.9,70.4,66.4,Incident
EVT_01636,47.5,7,24,60.3,23,10.35,38.0,99.5,47.5,45.7,Free_Flow
EVT_01637,54.7,5,25,7.2,20,3.62,23.1,23.5,43.9,0.0,Incident
EVT_01638,14.9,2,2,42.3,21,16.12,29.3,52.6,60.4,25.4,Low_Activity
EVT_01639,45.0,6,30,31.7,64,9.37,29.5,39.4,,47.0,Heavy_Traffic
EVT_01640,34.0,2,13,13.4,57,6.66,23.1,29.5,30.9,39.5,Incident
EVT_01641,33.8,4,9,48.0,22,13.22,28.3,85.5,48.8,50.9,Free_Flow
EVT_01642,62.6,20,17,29.9,26,7.85,27.9,59.5,39.2,64.7,Pedestrian_Event
EVT_01643,55.2,3,27,7.4,64,10.8,26.9,89.9,29.6,67.2,Incident
EVT_01644,11.6,1,4,54.6,16,11.72,29.6,83.0,46.1,,Low_Activity
EVT_01645,44.9,34,23,29.6,43,12.71,37.0,76.0,65.4,81.2,Pedestrian_Event
EVT_01646,60.9,8,46,7.8,26,9.99,27.5,82.3,42.7,50.6,Heavy_Traffic
EVT_01647,67.5,7,26,16.7,76,17.75,32.8,41.6,68.4,42.7,Heavy_Traffic
EVT_01648,46.1,1,20,7.0,26,2.88,17.8,26.8,28.1,61.1,Incident
EVT_01649,34.1,1,2,53.9,41,22.24,29.4,6.3,66.7,22.7,Free_Flow
EVT_01650,41.5,4,15,38.1,0,11.79,23.6,91.0,49.3,33.9,Free_Flow
EVT_01651,7.6,0,5,55.1,18,23.92,20.9,13.6,53.9,42.1,Low_Activity
EVT_01652,46.8,1,4,48.7,34,23.39,19.8,24.0,62.6,1.0,Free_Flow
EVT_01653,44.3,3,22,28.1,21,6.2,19.1,46.6,43.2,45.0,Incident
EVT_01654,41.3,19,29,34.6,0,19.48,33.8,20.2,57.7,52.6,Pedestrian_Event
EVT_01655,27.3,6,20,34.4,28,10.27,26.7,68.9,42.2,47.3,Free_Flow
EVT_01656,26.4,0,4,47.6,56,23.86,17.6,0.0,49.7,53.9,Low_Activity
EVT_01657,72.2,8,50,27.7,96,9.21,29.3,69.5,46.0,52.1,Heavy_Traffic
EVT_01658,82.9,5,28,0.0,45,8.57,26.5,76.1,63.8,69.9,Heavy_Traffic
EVT_01659,17.1,3,21,49.4,21,21.39,24.0,28.0,68.1,67.8,Free_Flow
EVT_01660,47.9,23,16,41.9,63,14.06,31.0,81.4,37.6,63.5,Pedestrian_Event
EVT_01661,82.1,16,23,31.1,43,18.32,30.4,29.7,54.4,51.4,Pedestrian_Event
EVT_01662,15.4,4,22,54.3,26,10.06,25.5,68.8,92.6,34.7,Free_Flow
EVT_01663,53.2,13,21,25.2,65,8.01,22.8,55.1,57.7,16.6,Pedestrian_Event
EVT_01664,36.1,3,6,51.7,25,18.05,28.3,39.5,22.8,45.9,Free_Flow
EVT_01665,3.2,4,10,52.0,20,11.28,30.1,76.8,51.0,31.9,Free_Flow
EVT_01666,51.0,25,25,19.2,44,16.82,34.5,43.5,46.7,32.6,Pedestrian_Event
EVT_01667,34.9,2,0,48.1,6,20.49,26.6,24.1,31.7,8.6,Free_Flow
EVT_01668,37.4,2,29,13.3,55,5.76,18.8,35.1,81.1,16.9,Incident
EVT_01669,64.7,7,13,11.1,87,8.4,24.5,69.6,66.2,56.0,Heavy_Traffic
EVT_01670,20.1,3,13,42.9,0,18.97,26.4,39.3,4.6,52.8,Free_Flow
EVT_01671,42.1,5,20,60.3,16,9.22,22.3,83.6,30.5,57.3,Free_Flow
EVT_01672,24.2,31,31,26.0,27,12.7,24.6,88.5,52.9,46.6,Pedestrian_Event
EVT_01673,42.5,7,36,10.0,68,19.4,28.5,17.0,69.1,73.3,Heavy_Traffic
EVT_01674,77.8,7,51,14.4,66,8.84,30.6,56.9,71.9,42.1,Free_Flow
EVT_01675,28.5,2,29,33.5,35,20.62,27.2,7.1,46.5,49.3,Free_Flow
EVT_01676,40.8,4,15,63.8,32,8.57,23.0,57.4,37.8,51.0,Free_Flow
EVT_01677,85.3,7,44,7.4,86,19.37,27.7,25.7,45.7,56.1,Heavy_Traffic
EVT_01678,22.2,12,34,14.5,78,18.05,30.9,23.1,17.3,53.9,Pedestrian_Event
EVT_01679,43.5,3,35,15.9,51,19.01,32.9,28.8,46.4,59.4,Heavy_Traffic
EVT_01680,29.7,1,23,47.8,35,22.24,25.0,11.0,10.5,55.2,Free_Flow
EVT_01681,12.4,1,2,52.4,24,20.73,28.2,28.6,52.0,55.6,Low_Activity
EVT_01682,0.0,3,6,67.3,37,4.14,26.3,22.7,76.9,43.2,Free_Flow
EVT_01683,44.0,1,8,44.7,42,14.6,33.0,92.0,77.4,59.7,Free_Flow
EVT_01684,20.1,1,5,47.8,1,0.05,22.5,14.7,39.6,63.0,Low_Activity
EVT_01685,68.4,3,35,29.0,17,3.73,23.9,28.6,40.6,39.6,Incident
EVT_01686,38.8,1,11,37.1,4,23.26,20.9,1.7,41.3,39.8,Free_Flow
EVT_01687,32.7,3,12,57.1,10,9.39,26.5,66.8,39.5,47.9,Free_Flow
EVT_01688,19.2,0,20,45.9,50,16.08,30.0,68.5,77.1,61.8,Free_Flow
EVT_01689,47.2,30,29,36.3,51,7.86,24.0,53.2,58.8,43.2,Pedestrian_Event
EVT_01690,44.9,14,25,40.3,35,13.49,33.1,87.9,78.8,81.8,Pedestrian_Event
EVT_01691,64.5,3,39,23.7,62,9.0,22.3,75.0,49.2,70.1,Pedestrian_Event
EVT_01692,83.8,5,49,18.8,64,17.48,27.7,39.7,72.0,49.0,Heavy_Traffic
EVT_01693,10.1,1,8,41.6,17,11.32,26.7,100.0,26.0,48.2,Low_Activity
EVT_01694,79.1,11,35,23.9,56,19.79,23.7,7.0,52.8,56.8,Heavy_Traffic
EVT_01695,65.9,3,33,27.6,68,20.6,31.0,15.6,75.8,59.8,Heavy_Traffic
EVT_01696,20.3,3,35,32.6,29,19.87,26.1,29.4,29.9,53.1,Free_Flow
EVT_01697,31.7,3,23,56.7,23,19.32,33.4,6.8,68.0,30.5,Free_Flow
EVT_01698,24.8,1,15,59.1,0,23.56,25.1,17.2,36.5,58.6,Low_Activity
EVT_01699,70.9,14,38,21.7,72,11.18,30.2,69.0,52.6,51.0,Heavy_Traffic
EVT_01700,34.1,4,17,48.4,33,7.07,25.8,44.6,48.5,37.3,Free_Flow
EVT_01701,49.5,2,30,0.8,67,2.79,17.2,7.5,52.3,64.1,Incident
EVT_01702,36.6,1,11,43.1,47,19.5,26.0,34.0,67.2,46.0,Free_Flow
EVT_01703,16.4,5,21,32.1,30,21.92,27.2,27.9,41.2,28.0,Free_Flow
EVT_01704,55.2,4,25,17.2,56,21.09,26.7,28.4,0.2,43.2,Incident
EVT_01705,11.4,9,14,45.8,27,9.15,30.6,57.1,67.9,46.2,Free_Flow
EVT_01706,52.1,5,18,19.4,73,17.94,28.4,34.6,49.2,50.3,Incident
EVT_01707,60.8,6,30,22.5,57,7.06,26.0,52.0,49.4,53.8,Heavy_Traffic
EVT_01708,29.8,3,10,39.8,33,17.93,28.7,33.0,35.9,63.5,Free_Flow
EVT_01709,24.7,1,25,20.3,70,23.3,17.5,32.3,73.1,71.6,Incident
EVT_01710,42.8,12,35,22.3,75,17.63,27.7,54.6,38.6,35.3,Incident
EVT_01711,54.5,8,31,22.5,74,15.91,32.6,57.7,96.6,73.4,Incident
EVT_01712,60.5,9,25,17.4,80,10.01,27.3,78.6,38.6,53.8,Heavy_Traffic
EVT_01713,87.2,6,18,11.3,79,2.21,19.9,28.3,94.5,45.3,Incident
EVT_01714,74.9,6,24,7.6,43,12.27,30.8,73.0,47.7,32.3,Heavy_Traffic
EVT_01715,32.1,6,25,50.3,18,5.66,21.8,22.0,37.0,24.6,Free_Flow
EVT_01716,46.9,15,8,35.2,45,7.88,26.7,47.0,58.7,53.7,Pedestrian_Event
EVT_01717,37.1,6,2,33.6,8,18.38,15.2,31.0,32.1,56.9,Free_Flow
EVT_01718,18.0,4,15,39.8,35,18.51,28.0,5.2,,31.5,Free_Flow
EVT_01719,35.9,1,12,44.4,23,21.0,24.2,25.7,62.3,29.7,Low_Activity
EVT_01720,45.4,4,35,26.2,34,1.29,17.1,23.1,23.3,52.8,Incident
EVT_01721,85.1,9,43,2.1,72,7.76,23.5,43.9,12.6,41.9,Heavy_Traffic
EVT_01722,61.5,5,18,22.7,99,18.07,26.2,45.3,41.4,64.5,Heavy_Traffic
EVT_01723,73.4,11,27,13.8,44,9.42,24.4,75.3,81.2,46.5,Pedestrian_Event
EVT_01724,43.1,2,12,69.4,15,15.41,36.6,76.0,63.4,71.5,Free_Flow
EVT_01725,6.4,4,13,53.1,34,15.57,39.0,58.7,22.3,51.3,Free_Flow
EVT_01726,28.5,1,1,59.0,23,9.57,24.0,83.6,56.5,35.5,Low_Activity
EVT_01727,25.7,4,20,37.7,40,19.26,33.0,31.3,57.8,56.3,Free_Flow
EVT_01728,38.8,7,33,38.7,48,14.27,32.5,67.0,57.2,26.3,Incident
EVT_01729,78.7,7,40,21.3,93,10.6,21.2,73.5,72.0,41.9,Heavy_Traffic
EVT_01730,26.3,4,23,54.6,21,11.24,26.9,100.0,50.2,46.1,Free_Flow
EVT_01731,67.9,7,54,12.2,97,7.85,21.2,51.8,25.6,59.8,Heavy_Traffic
EVT_01732,15.3,3,16,43.4,0,15.01,30.9,62.4,57.5,48.5,Free_Flow
EVT_01733,19.4,2,15,33.5,15,7.98,22.7,58.7,58.6,41.5,Free_Flow
EVT_01734,29.0,3,31,19.0,61,16.72,37.9,46.8,33.4,21.7,Heavy_Traffic
EVT_01735,55.8,4,41,6.4,104,9.51,26.3,75.7,52.9,38.8,Heavy_Traffic
EVT_01736,28.0,3,26,27.6,22,19.92,23.4,9.6,30.1,66.8,Free_Flow
EVT_01737,7.0,7,4,63.0,11,10.37,34.0,54.4,58.9,38.9,Free_Flow
EVT_01738,79.9,6,43,33.0,75,18.24,27.2,30.2,47.7,30.1,Heavy_Traffic
EVT_01739,37.7,36,40,18.9,24,10.55,25.7,53.4,42.0,67.7,Pedestrian_Event
EVT_01740,33.9,10,20,36.0,41,18.84,33.0,21.0,44.0,48.7,Pedestrian_Event
EVT_01741,28.0,33,5,19.8,47,13.64,29.0,84.2,59.7,57.7,Heavy_Traffic
EVT_01742,16.1,0,5,33.3,0,0.33,22.7,13.4,48.5,47.0,Low_Activity
EVT_01743,29.3,1,15,41.2,19,21.73,22.3,10.6,55.3,25.7,Free_Flow
EVT_01744,59.0,2,16,32.8,16,5.26,17.7,2.5,53.0,53.3,Free_Flow
EVT_01745,36.2,1,21,44.7,36,23.03,18.8,15.3,42.8,64.0,Free_Flow
EVT_01746,21.2,6,26,25.8,15,17.82,28.4,36.6,26.9,41.2,Free_Flow
EVT_01747,87.5,2,26,5.5,23,7.3,20.6,42.1,82.1,55.9,Heavy_Traffic
EVT_01748,25.5,2,10,40.9,21,18.13,32.0,38.9,53.4,49.1,Low_Activity
EVT_01749,36.4,11,21,27.8,14,19.04,30.4,11.7,27.4,56.4,Free_Flow
EVT_01750,41.1,0,5,52.5,31,13.32,28.1,83.1,63.2,50.9,Free_Flow
EVT_01751,30.2,4,31,34.8,31,15.4,30.9,50.1,37.0,34.9,Free_Flow
EVT_01752,62.7,3,18,48.9,20,18.04,37.8,26.0,35.5,25.0,Free_Flow
EVT_01753,45.3,1,16,48.4,18,21.51,26.8,3.8,50.4,45.4,Free_Flow
EVT_01754,5.6,1,5,45.4,23,22.95,28.2,18.2,74.9,36.2,Low_Activity
EVT_01755,42.4,1,44,28.1,31,0.76,13.9,23.0,37.9,51.8,Incident
EVT_01756,39.9,39,23,48.8,44,10.9,25.6,80.4,83.1,23.3,Pedestrian_Event
EVT_01757,60.0,6,26,25.3,60,20.49,25.0,0.0,29.7,45.5,Heavy_Traffic
EVT_01758,45.2,7,37,40.5,25,11.51,36.0,82.2,68.8,30.8,Free_Flow
EVT_01759,54.6,16,38,14.2,33,20.47,26.7,28.6,38.0,33.1,Pedestrian_Event
EVT_01760,35.9,6,10,32.0,0,19.74,23.4,38.9,35.7,38.0,Free_Flow
EVT_01761,53.9,15,48,13.7,48,16.48,29.6,52.4,50.6,53.7,Pedestrian_Event
EVT_01762,89.9,4,42,22.8,54,19.93,28.1,29.2,,49.1,Heavy_Traffic
EVT_01763,61.2,12,16,20.9,47,13.48,28.9,93.3,43.2,17.8,Incident
EVT_01764,18.0,2,4,34.3,34,22.46,21.8,8.9,36.9,56.2,Low_Activity
EVT_01765,17.9,21,31,15.0,57,10.5,32.9,70.1,35.8,35.6,Pedestrian_Event
EVT_01766,10.6,26,26,23.0,62,16.84,32.6,77.7,41.6,48.5,Pedestrian_Event
EVT_01767,51.1,8,34,22.0,56,16.93,31.0,58.6,100.0,32.3,Incident
EVT_01768,59.5,4,29,20.8,24,20.46,30.5,11.4,72.6,60.8,Incident
EVT_01769,8.9,1,13,48.0,24,22.61,24.9,3.1,92.6,72.9,Free_Flow
EVT_01770,8.2,2,4,53.3,19,22.66,19.6,9.4,13.6,37.3,Low_Activity
EVT_01771,43.6,1,9,34.6,44,5.74,19.6,35.7,45.8,37.2,Free_Flow
EVT_01772,27.1,32,23,28.0,27,19.02,25.8,17.8,55.9,38.2,Pedestrian_Event
EVT_01773,39.4,7,20,24.7,46,17.29,32.5,43.9,78.7,57.4,Incident
EVT_01774,32.6,4,33,60.1,9,9.91,23.5,75.7,70.0,74.4,Free_Flow
EVT_01775,16.0,0,6,36.5,0,22.57,23.2,2.9,55.6,40.7,Low_Activity
EVT_01776,66.2,7,0,9.6,73,14.84,29.4,54.6,48.3,68.4,Free_Flow
EVT_01777,45.0,17,28,29.4,14,19.6,25.9,13.8,18.7,51.9,Incident
EVT_01778,24.0,3,26,54.8,3,23.04,21.4,24.7,71.0,47.5,Free_Flow
EVT_01779,37.5,30,20,19.2,28,15.58,36.5,79.3,55.5,91.0,Pedestrian_Event
EVT_01780,48.9,6,32,10.6,53,3.66,14.7,20.0,46.9,61.3,Incident
EVT_01781,15.9,6,19,57.4,5,19.31,23.8,13.2,50.0,57.1,Free_Flow
EVT_01782,88.0,4,43,5.5,82,20.16,25.7,17.8,54.5,76.2,Heavy_Traffic
EVT_01783,47.1,5,16,36.4,16,15.73,32.6,43.9,46.4,17.8,Free_Flow
EVT_01784,47.5,9,50,17.4,64,18.17,25.9,22.5,50.5,32.9,Incident
EVT_01785,43.3,6,34,29.8,33,14.69,30.0,87.0,,35.8,Free_Flow
EVT_01786,34.6,5,15,37.3,9,9.87,29.6,73.6,60.4,25.4,Free_Flow
EVT_01787,33.2,6,39,0.0,52,9.15,29.0,69.6,59.2,57.2,Incident
EVT_01788,53.2,34,32,3.4,0,12.95,25.7,87.3,81.3,68.3,Pedestrian_Event
EVT_01789,48.0,5,25,48.4,11,10.8,35.5,74.9,88.6,45.4,Free_Flow
EVT_01790,42.1,1,28,47.8,40,5.72,17.5,26.3,54.4,32.8,Free_Flow
EVT_01791,65.1,8,39,10.3,87,9.75,28.7,96.5,47.3,61.6,Heavy_Traffic
EVT_01792,15.0,2,3,54.3,21,4.68,21.6,13.7,63.6,48.7,Low_Activity
EVT_01793,42.0,44,0,20.1,42,7.7,30.0,72.7,29.0,22.4,Pedestrian_Event
EVT_01794,14.8,19,10,0.0,21,7.94,22.1,64.0,35.5,45.9,Pedestrian_Event
EVT_01795,65.3,10,28,16.3,48,18.45,25.4,20.8,61.8,37.4,Heavy_Traffic
EVT_01796,27.2,5,18,40.5,20,8.46,26.7,57.7,70.6,49.0,Free_Flow
EVT_01797,51.9,7,18,17.6,91,17.75,28.5,29.9,59.0,32.2,Heavy_Traffic
EVT_01798,51.7,10,44,22.0,63,7.98,24.1,52.1,44.9,86.6,Heavy_Traffic
EVT_01799,87.0,11,38,10.3,105,10.71,21.8,66.1,28.5,47.5,Heavy_Traffic
EVT_01800,27.5,2,17,50.0,21,9.07,24.9,53.0,65.1,17.4,Free_Flow
EVT_01801,21.2,2,3,64.6,3,15.65,33.0,75.8,48.4,54.4,Low_Activity
EVT_01802,29.3,2,20,43.8,63,1.5,24.3,4.9,37.7,40.1,Incident
EVT_01803,30.7,5,17,51.9,34,18.87,28.4,13.9,44.4,43.6,Free_Flow
EVT_01804,21.5,3,12,16.1,6,13.3,34.5,73.9,80.1,25.4,Free_Flow
EVT_01805,51.5,27,15,8.5,62,13.4,26.1,100.0,68.8,,Pedestrian_Event
EVT_01806,13.6,1,9,65.8,35,2.56,22.3,15.5,33.0,43.0,Low_Activity
EVT_01807,13.6,1,7,54.1,20,9.45,28.6,62.7,33.8,,Low_Activity
EVT_01808,36.2,9,19,9.7,30,15.55,32.5,53.2,65.9,56.0,Heavy_Traffic
EVT_01809,47.0,4,34,47.0,34,12.46,30.1,88.4,75.4,31.6,Free_Flow
EVT_01810,23.4,1,5,67.7,16,3.42,28.5,5.9,59.6,42.3,Low_Activity
EVT_01811,23.6,3,8,48.6,28,17.27,34.0,33.8,60.7,31.1,Free_Flow
EVT_01812,29.2,5,9,50.0,9,13.99,24.9,65.6,56.3,60.2,Free_Flow
EVT_01813,30.6,19,0,23.8,54,17.87,31.2,22.0,29.4,41.8,Pedestrian_Event
EVT_01814,24.0,1,14,34.4,12,23.99,15.5,21.8,41.3,29.9,Low_Activity
EVT_01815,7.0,1,4,33.2,24,2.56,23.7,32.5,45.9,66.4,Low_Activity
EVT_01816,20.8,6,29,47.4,16,14.91,37.1,56.7,71.8,56.5,Free_Flow
EVT_01817,66.2,2,23,11.5,30,2.78,22.1,3.6,51.9,40.3,Incident
EVT_01818,5.4,0,8,53.5,0,1.31,21.9,0.0,54.4,27.8,Low_Activity
EVT_01819,26.0,12,5,51.0,3,19.51,28.7,14.2,62.5,65.9,Low_Activity
EVT_01820,25.8,5,14,49.5,5,16.2,28.3,57.9,44.8,49.9,Low_Activity
EVT_01821,25.6,2,3,45.8,15,18.39,28.9,35.7,40.7,48.0,Low_Activity
EVT_01822,33.8,6,11,49.0,13,8.53,17.2,55.9,63.2,42.1,Free_Flow
EVT_01823,64.8,4,24,6.8,74,20.22,28.4,34.4,72.0,52.7,Incident
EVT_01824,25.1,0,14,28.9,22,22.85,25.6,32.3,65.8,60.0,Free_Flow
EVT_01825,33.3,13,31,21.5,82,13.18,34.9,78.8,32.4,25.2,Pedestrian_Event
EVT_01826,31.8,28,36,45.4,24,12.83,23.3,72.0,58.6,54.0,Pedestrian_Event
EVT_01827,10.1,1,10,39.6,0,5.24,21.4,17.7,75.7,59.9,Low_Activity
EVT_01828,28.7,4,17,30.8,17,18.78,28.0,34.3,49.1,56.7,Free_Flow
EVT_01829,55.1,8,15,19.4,29,11.13,27.3,100.0,41.8,59.2,Incident
EVT_01830,5.4,13,21,57.4,11,18.74,30.1,36.2,51.3,51.7,Free_Flow
EVT_01831,48.7,11,39,34.9,22,6.08,25.3,19.9,77.1,55.6,Pedestrian_Event
EVT_01832,57.6,17,17,33.5,0,18.14,26.7,46.3,57.7,61.5,Free_Flow
EVT_01833,15.6,1,7,40.6,28,3.93,21.2,32.3,33.1,35.1,Low_Activity
EVT_01834,30.2,3,19,47.3,27,22.22,22.7,10.8,41.7,8.7,Free_Flow
EVT_01835,60.9,8,43,8.0,43,11.63,34.1,69.4,63.6,47.2,Heavy_Traffic
EVT_01836,40.5,22,13,44.8,59,13.05,34.4,92.1,73.7,34.3,Pedestrian_Event
EVT_01837,3.1,1,6,41.8,16,23.32,23.3,40.9,9.4,56.3,Low_Activity
EVT_01838,87.3,3,24,2.4,49,8.71,25.5,66.9,13.8,36.0,Heavy_Traffic
EVT_01839,67.8,14,22,29.2,41,7.26,16.7,36.3,57.5,55.0,Pedestrian_Event
EVT_01840,71.1,2,36,25.3,71,20.96,21.0,27.2,42.4,60.1,Heavy_Traffic
EVT_01841,67.3,4,21,11.7,57,8.4,25.8,65.3,73.5,62.9,Heavy_Traffic
EVT_01842,89.2,9,38,2.5,47,16.87,26.5,48.8,19.4,31.7,Heavy_Traffic
EVT_01843,41.7,5,42,23.6,56,5.21,20.9,26.6,9.2,55.4,Incident
EVT_01844,26.7,7,16,4.1,65,6.81,23.5,35.7,62.2,54.1,Incident
EVT_01845,64.4,8,14,18.0,117,8.77,26.6,61.0,41.3,39.5,Heavy_Traffic
EVT_01846,38.0,6,13,43.5,28,9.43,21.4,71.8,35.5,63.7,Free_Flow
EVT_01847,16.3,6,2,37.6,33,9.06,25.0,63.1,66.0,64.5,Low_Activity
EVT_01848,70.1,5,29,0.0,62,16.97,33.3,39.8,41.2,39.6,Heavy_Traffic
EVT_01849,79.7,9,18,22.8,75,8.37,27.5,65.5,55.9,57.1,Heavy_Traffic
EVT_01850,33.8,3,27,51.1,0,7.94,22.9,35.6,45.5,51.9,Free_Flow
EVT_01851,60.0,6,47,21.2,129,16.17,28.6,71.8,47.6,51.2,Incident
EVT_01852,49.3,4,32,11.0,40,16.27,28.1,62.3,27.3,55.4,Pedestrian_Event
EVT_01853,27.8,2,0,42.0,25,14.14,31.0,75.0,26.3,22.1,Free_Flow
EVT_01854,0.2,2,6,38.6,17,1.38,19.4,41.8,34.8,46.2,Low_Activity
EVT_01855,31.8,4,23,29.8,32,5.44,23.0,3.5,40.0,69.9,Free_Flow
EVT_01856,14.8,7,7,40.6,47,10.14,34.9,73.3,64.1,28.7,Free_Flow
EVT_01857,68.2,8,35,25.6,32,7.36,22.8,42.5,44.9,58.5,Heavy_Traffic
EVT_01858,40.8,2,19,21.5,13,22.61,22.7,31.1,58.4,39.5,Free_Flow
EVT_01859,28.6,16,16,20.0,51,18.11,32.5,41.2,57.1,,Pedestrian_Event
EVT_01860,18.0,1,9,64.1,29,22.31,22.8,29.4,52.0,19.9,Low_Activity
EVT_01861,57.0,3,28,7.0,16,10.51,23.6,76.9,81.2,12.2,Heavy_Traffic
EVT_01862,55.5,26,17,18.1,0,18.46,33.1,11.3,56.7,20.6,Pedestrian_Event
EVT_01863,34.6,16,20,37.2,26,15.33,33.0,76.0,19.9,20.5,Free_Flow
EVT_01864,24.4,1,4,39.9,1,22.49,23.7,23.2,82.0,47.6,Free_Flow
EVT_01865,12.9,2,2,61.1,4,10.74,27.2,67.6,63.0,20.6,Low_Activity
EVT_01866,53.3,6,17,28.9,23,13.56,24.1,59.1,38.4,76.2,Free_Flow
EVT_01867,45.9,1,30,13.0,62,1.56,22.5,17.5,70.4,34.8,Incident
EVT_01868,19.8,18,25,21.9,63,14.23,33.3,78.7,17.6,37.4,Pedestrian_Event
EVT_01869,75.5,6,30,12.6,98,7.06,22.5,73.5,11.1,26.0,Heavy_Traffic
EVT_01870,41.7,11,23,41.6,50,16.1,34.7,62.7,58.7,33.5,Pedestrian_Event
EVT_01871,76.8,10,37,18.6,66,20.07,29.9,37.6,46.8,47.2,Heavy_Traffic
EVT_01872,69.2,4,26,0.0,14,6.6,19.7,29.9,43.8,71.8,Incident
EVT_01873,77.7,3,31,26.2,61,18.67,30.0,26.0,72.4,29.9,Heavy_Traffic
EVT_01874,8.0,1,5,16.1,4,3.91,25.1,1.1,70.9,54.0,Low_Activity
EVT_01875,7.7,0,6,54.8,15,1.81,21.8,15.7,42.7,22.0,Low_Activity
EVT_01876,82.2,5,3,12.4,0,13.12,31.2,69.4,60.2,39.3,Incident
EVT_01877,16.9,12,22,22.7,38,14.69,33.7,66.1,82.6,45.0,Pedestrian_Event
EVT_01878,29.9,17,44,21.9,33,13.55,33.1,73.1,68.9,42.5,Pedestrian_Event
EVT_01879,70.3,6,30,24.1,45,17.29,34.6,49.1,42.3,10.9,Heavy_Traffic
EVT_01880,61.7,10,22,6.5,27,19.56,23.8,28.7,34.2,23.5,Incident
EVT_01881,48.0,11,31,13.4,57,16.4,24.0,62.4,86.8,44.2,Incident
EVT_01882,82.5,9,36,14.7,59,6.97,21.8,40.0,0.0,31.9,Heavy_Traffic
EVT_01883,50.1,7,3,35.3,43,5.81,23.1,29.3,66.5,34.9,Pedestrian_Event
EVT_01884,73.7,4,45,14.0,34,9.86,32.7,82.3,0.0,22.6,Heavy_Traffic
EVT_01885,69.3,7,25,14.1,30,19.67,30.4,22.2,79.3,40.9,Heavy_Traffic
EVT_01886,28.0,35,23,35.6,65,16.62,29.6,55.7,51.6,63.0,Pedestrian_Event
EVT_01887,73.1,5,44,15.1,0,9.42,26.2,67.3,29.6,63.9,Heavy_Traffic
EVT_01888,41.6,31,0,10.6,32,7.23,23.6,49.5,27.5,60.3,Pedestrian_Event
EVT_01889,37.3,22,21,13.5,11,9.06,23.3,60.1,53.3,35.7,Pedestrian_Event
EVT_01890,27.3,17,13,18.7,36,14.73,29.9,76.7,18.4,10.1,Pedestrian_Event
EVT_01891,62.5,3,21,63.3,50,20.75,30.3,25.6,77.2,59.4,Free_Flow
EVT_01892,39.8,24,36,27.3,39,7.85,23.6,45.1,33.8,47.1,Pedestrian_Event
EVT_01893,22.0,2,48,8.6,64,5.84,27.1,17.3,53.3,53.9,Free_Flow
EVT_01894,41.2,24,25,20.7,14,7.5,24.6,44.9,74.9,80.0,Pedestrian_Event
EVT_01895,8.4,1,5,58.9,34,23.91,20.0,22.1,56.0,29.8,Low_Activity
EVT_01896,30.2,1,17,85.5,14,3.67,18.1,25.1,40.1,30.3,Low_Activity
EVT_01897,35.7,1,11,49.0,38,8.94,25.1,68.4,63.4,38.4,Free_Flow
EVT_01898,10.6,0,4,32.2,8,3.43,24.4,23.5,73.9,41.4,Low_Activity
EVT_01899,25.0,2,19,26.3,17,13.39,33.4,53.1,29.9,44.9,Free_Flow
EVT_01900,27.9,7,23,41.5,18,18.89,27.0,18.0,56.0,41.5,Free_Flow
EVT_01901,33.7,8,29,7.0,93,11.82,22.6,76.0,33.7,47.5,Incident
EVT_01902,52.1,12,0,21.4,29,10.02,26.2,74.2,44.8,43.6,Pedestrian_Event
EVT_01903,12.2,3,4,43.8,11,14.17,31.1,61.4,37.3,42.8,Low_Activity
EVT_01904,98.2,6,43,7.1,107,18.58,22.9,33.9,37.6,42.7,Heavy_Traffic
EVT_01905,57.6,7,39,0.0,34,9.5,27.9,79.5,72.8,45.5,Heavy_Traffic
EVT_01906,47.2,10,22,26.7,99,6.4,17.8,40.5,49.5,29.8,Pedestrian_Event
EVT_01907,69.2,4,30,19.1,31,19.38,26.4,27.3,65.5,29.2,Incident
EVT_01908,33.0,4,15,48.4,0,5.02,25.5,17.3,63.5,64.5,Free_Flow
EVT_01909,59.9,3,37,20.3,97,7.71,23.2,49.1,,36.1,Heavy_Traffic
EVT_01910,2.6,1,5,69.2,10,22.73,18.6,10.2,41.0,58.4,Low_Activity
EVT_01911,48.8,7,44,15.2,36,8.81,27.0,51.1,39.1,68.3,Incident
EVT_01912,52.8,2,26,28.0,46,1.44,22.4,14.4,46.5,43.3,Free_Flow
EVT_01913,41.3,13,34,37.3,47,16.11,34.8,45.1,90.4,35.8,Pedestrian_Event
EVT_01914,70.0,2,31,6.6,78,9.09,22.1,59.8,35.4,31.6,Heavy_Traffic
EVT_01915,25.7,9,0,43.9,13,11.06,31.4,77.2,23.4,,Free_Flow
EVT_01916,34.9,11,14,27.3,30,16.01,28.4,80.8,12.1,58.9,Pedestrian_Event
EVT_01917,69.6,6,22,11.8,91,16.71,32.7,44.4,83.3,63.3,Incident
EVT_01918,73.4,5,24,18.9,57,8.54,28.9,64.8,46.3,16.1,Heavy_Traffic
EVT_01919,42.5,19,0,20.1,0,19.5,29.7,15.9,35.7,18.1,Pedestrian_Event
EVT_01920,46.4,4,30,67.0,32,17.94,31.9,37.5,46.6,39.4,Free_Flow
EVT_01921,60.6,7,36,15.7,29,7.88,25.2,67.6,76.1,49.3,Heavy_Traffic
EVT_01922,21.2,2,5,63.2,5,13.47,30.6,98.9,37.7,41.3,Free_Flow
EVT_01923,11.7,2,6,22.6,13,23.27,22.1,42.8,81.4,50.6,Low_Activity
EVT_01924,90.9,19,30,25.3,22,6.93,21.2,49.4,54.6,44.7,Heavy_Traffic
EVT_01925,47.9,9,24,25.3,21,21.01,23.1,26.0,43.4,46.3,Pedestrian_Event
EVT_01926,76.8,2,37,25.5,67,20.82,26.7,21.9,67.0,28.2,Heavy_Traffic
EVT_01927,71.3,0,36,12.8,33,19.85,27.1,14.7,20.8,39.7,Pedestrian_Event
EVT_01928,27.8,9,31,17.3,23,17.97,27.7,32.9,48.2,70.2,Pedestrian_Event
EVT_01929,0.2,4,4,47.7,5,12.76,27.6,74.7,58.9,45.2,Low_Activity
EVT_01930,15.9,0,4,36.1,47,22.72,18.0,0.0,61.2,33.0,Low_Activity
EVT_01931,82.5,6,50,14.8,41,13.21,33.2,77.8,80.3,54.4,Incident
EVT_01932,48.6,14,21,33.9,24,8.23,24.1,59.1,65.0,57.7,Pedestrian_Event
EVT_01933,17.9,36,19,30.2,40,12.51,31.0,69.4,66.0,,Pedestrian_Event
EVT_01934,31.8,5,12,17.6,82,5.25,22.3,13.9,92.5,36.8,Incident
EVT_01935,15.7,1,5,70.6,18,1.75,16.8,26.4,33.7,41.6,Low_Activity
EVT_01936,50.3,0,21,44.7,48,5.13,21.6,25.7,34.1,43.8,Free_Flow
EVT_01937,53.0,3,9,38.6,30,5.63,20.9,25.0,48.8,48.9,Free_Flow
EVT_01938,79.3,4,19,13.9,65,20.4,26.0,33.4,74.7,55.2,Heavy_Traffic
EVT_01939,61.8,3,17,12.7,35,17.96,31.3,29.3,39.0,51.5,Heavy_Traffic
EVT_01940,36.1,5,17,36.4,6,8.22,27.4,55.3,31.6,39.5,Free_Flow
EVT_01941,51.4,6,20,0.0,11,18.24,26.8,12.9,60.9,23.0,Heavy_Traffic
EVT_01942,44.3,9,22,20.9,45,9.34,24.6,48.9,22.1,48.5,Heavy_Traffic
EVT_01943,7.9,3,1,32.2,0,8.28,26.6,53.2,22.5,39.4,Low_Activity
EVT_01944,50.8,15,1,10.1,43,16.85,25.6,44.0,54.8,20.5,Pedestrian_Event
EVT_01945,5.7,2,3,23.8,6,0.37,24.1,11.4,46.8,25.1,Low_Activity
EVT_01946,83.6,8,28,13.1,80,20.24,25.3,23.2,26.7,46.6,Incident
EVT_01947,63.9,11,41,21.5,46,17.98,27.4,20.2,36.8,36.8,Heavy_Traffic
EVT_01948,34.2,1,11,52.1,24,13.87,32.8,86.0,45.1,35.8,Free_Flow
EVT_01949,8.0,1,5,57.8,10,4.28,25.5,20.5,52.7,29.5,Low_Activity
EVT_01950,72.6,18,32,19.8,98,19.3,31.3,0.2,63.7,38.3,Heavy_Traffic
EVT_01951,28.3,2,27,32.9,24,10.01,29.8,78.5,81.0,63.2,Free_Flow
EVT_01952,41.7,2,29,9.7,41,6.18,20.4,33.2,31.8,45.6,Incident
EVT_01953,53.1,29,28,17.5,59,16.64,23.6,55.7,36.7,52.7,Pedestrian_Event
EVT_01954,77.8,5,15,13.6,104,17.13,28.7,39.7,65.2,59.9,Heavy_Traffic
EVT_01955,19.4,6,11,50.9,21,9.53,27.9,67.9,21.5,52.5,Low_Activity
EVT_01956,14.5,7,10,36.4,1,13.72,30.9,84.2,33.3,64.0,Free_Flow
EVT_01957,48.5,7,36,28.1,23,18.11,23.5,16.3,38.6,48.9,Heavy_Traffic
EVT_01958,36.4,4,14,69.1,35,19.71,25.7,36.5,61.9,65.6,Free_Flow
EVT_01959,41.5,3,13,23.2,35,7.81,27.5,81.6,53.3,63.9,Free_Flow
EVT_01960,78.5,2,42,2.4,20,16.84,28.6,46.0,52.2,38.1,Heavy_Traffic
EVT_01961,0.0,1,5,58.2,14,23.26,22.0,12.8,51.7,6.8,Low_Activity
EVT_01962,24.2,2,14,53.6,23,23.2,20.8,3.7,66.1,32.1,Free_Flow
EVT_01963,6.4,0,4,40.4,26,20.81,26.4,11.7,42.5,44.7,Low_Activity
EVT_01964,10.5,1,16,38.0,19,2.17,26.0,31.3,32.9,31.8,Low_Activity
EVT_01965,86.0,7,26,16.9,79,7.58,21.7,39.5,43.4,27.7,Heavy_Traffic
EVT_01966,82.4,5,23,8.1,59,8.74,26.8,65.5,32.1,50.7,Heavy_Traffic
EVT_01967,36.5,1,10,67.2,30,5.03,23.4,20.5,83.0,67.7,Free_Flow
EVT_01968,3.7,0,3,37.8,6,4.58,22.8,20.4,78.3,31.9,Low_Activity
EVT_01969,50.1,2,17,48.2,43,21.26,29.5,42.0,76.8,29.4,Free_Flow
EVT_01970,49.8,11,19,18.6,98,18.04,37.4,16.4,50.2,43.6,Incident
EVT_01971,19.8,3,21,54.0,27,22.92,17.3,20.4,53.3,49.6,Free_Flow
EVT_01972,37.0,14,43,21.4,39,10.24,23.2,76.3,48.7,38.2,Pedestrian_Event
EVT_01973,33.8,4,35,12.2,17,1.81,24.4,22.7,29.9,56.2,Incident
EVT_01974,61.3,0,20,14.6,62,16.85,36.6,63.5,55.6,30.6,Heavy_Traffic
EVT_01975,71.6,5,22,17.4,41,7.44,23.5,45.6,58.4,35.1,Heavy_Traffic
EVT_01976,39.2,15,23,16.8,61,9.88,27.7,53.1,78.4,66.6,Pedestrian_Event
EVT_01977,100.0,4,33,4.0,22,5.8,27.2,17.1,41.1,16.6,Heavy_Traffic
EVT_01978,17.8,1,4,42.4,0,22.78,24.4,20.3,50.7,48.5,Low_Activity
EVT_01979,95.9,7,33,12.8,53,11.62,24.2,68.7,44.6,64.0,Incident
EVT_01980,29.8,1,37,38.7,31,21.93,29.5,18.7,86.0,49.6,Free_Flow
EVT_01981,21.7,3,23,50.3,24,21.57,25.1,9.7,58.7,57.6,Free_Flow
EVT_01982,52.5,2,33,38.1,9,10.79,29.7,86.5,51.3,38.7,Free_Flow
EVT_01983,61.6,3,55,2.7,39,9.11,23.7,75.6,1.2,42.8,Heavy_Traffic
EVT_01984,5.1,2,17,48.7,7,9.57,25.6,67.3,42.3,56.4,Free_Flow
EVT_01985,24.6,10,13,43.0,10,10.46,24.9,64.7,73.2,44.5,Free_Flow
EVT_01986,70.0,4,28,38.5,72,6.8,26.3,46.9,85.5,43.5,Heavy_Traffic
EVT_01987,26.7,2,29,48.9,18,18.84,29.9,21.8,48.7,46.4,Free_Flow
EVT_01988,39.4,3,26,33.5,0,13.66,33.4,68.3,72.8,20.1,Free_Flow
EVT_01989,43.9,7,32,27.4,60,9.21,22.9,67.2,28.2,32.0,Heavy_Traffic
EVT_01990,56.0,8,35,12.0,38,18.59,25.2,54.5,39.2,24.2,Heavy_Traffic
EVT_01991,46.0,9,26,18.5,36,17.84,33.5,38.0,37.2,35.5,Heavy_Traffic
EVT_01992,52.4,8,28,26.2,46,8.05,22.8,56.1,66.7,27.3,Heavy_Traffic
EVT_01993,56.0,7,33,76.0,9,17.01,32.6,52.1,84.7,75.8,Free_Flow
EVT_01994,30.4,7,30,45.9,7,7.47,29.1,47.1,68.5,33.9,Free_Flow
EVT_01995,28.0,36,19,27.0,29,19.82,29.2,17.2,33.8,35.0,Pedestrian_Event
EVT_01996,52.1,15,20,0.7,47,8.84,23.4,67.4,28.3,54.6,Heavy_Traffic
EVT_01997,69.2,13,41,3.9,40,11.02,34.7,61.3,80.8,16.4,Incident
EVT_01998,57.4,3,6,8.8,67,4.17,16.7,5.6,34.6,7.3,Incident
EVT_01999,32.8,8,26,38.2,71,9.6,31.2,60.0,38.4,73.0,Heavy_Traffic
EVT_02000,29.1,6,19,61.3,20,11.29,25.2,77.6,,25.2,Free_Flow
